<XMBML version="1.0">
	<View id="demo_tz_items">
		<Attributes>
			<Table key="C00_US_item_219"> 
				<Pair key="icon"><String>/dev_hdd0/game/HENBSTORE/USRDIR/IMAGES/PSNSTUFF/Tales_from_Space_-_Mutant_Blobs_Attack.jpg</String></Pair> 
				<Pair key="title"><String> TCXS - Tales from Space - About a Blob</String></Pair> 
				<Pair key="info"><String>NPUB30311</String></Pair> 
			</Table>
			<Table key="C00_US_item_220"> 
				<Pair key="icon"><String>/dev_hdd0/game/HENBSTORE/USRDIR/IMAGES/PSNSTUFF/Tales_from_Space_-_Mutant_Blobs_Attack.jpg</String></Pair> 
				<Pair key="title"><String> TCXS - Tales from Space - Mutant Blobs Attack</String></Pair> 
				<Pair key="info"><String>NPUB30617</String></Pair> 
			</Table>
			<Table key="C00_US_item_221"> 
				<Pair key="icon"><String>/dev_hdd0/game/HENBSTORE/USRDIR/IMAGES/PSNSTUFF/Tank_Battles.jpg</String></Pair> 
				<Pair key="title"><String> TCXS - Tank Battles</String></Pair> 
				<Pair key="info"><String>NPUB30154</String></Pair> 
			</Table>
			<Table key="C00_US_item_222"> 
				<Pair key="icon"><String>/dev_hdd0/game/HENBSTORE/USRDIR/IMAGES/PSNSTUFF/Tennis_In_The_Face.jpg</String></Pair> 
				<Pair key="title"><String> TCXS - Tennis In The Face</String></Pair> 
				<Pair key="info"><String>NPUB31672</String></Pair> 
			</Table>
			<Table key="C00_US_item_223"> 
				<Pair key="icon"><String>/dev_hdd0/game/HENBSTORE/USRDIR/IMAGES/PSNSTUFF/Terraria.jpg</String></Pair> 
				<Pair key="title"><String> TCXS - Terraria</String></Pair> 
				<Pair key="info"><String>NPUB30943</String></Pair> 
			</Table>
			<Table key="C00_US_item_224"> 
				<Pair key="icon"><String>/dev_hdd0/game/HENBSTORE/USRDIR/IMAGES/PSNSTUFF/Tetris.jpg</String></Pair> 
				<Pair key="title"><String> TCXS - Tetris</String></Pair> 
				<Pair key="info"><String>NPUB30417</String></Pair> 
			</Table>
			<Table key="C00_US_item_225"> 
				<Pair key="icon"><String>/dev_hdd0/game/HENBSTORE/USRDIR/IMAGES/PSNSTUFF/The_Cave.jpg</String></Pair> 
				<Pair key="title"><String> TCXS - The Cave</String></Pair> 
				<Pair key="info"><String>NPUB30676</String></Pair> 
			</Table>
			<Table key="C00_US_item_226"> 
				<Pair key="icon"><String>/dev_hdd0/game/HENBSTORE/USRDIR/IMAGES/PSNSTUFF/The_Expendables_2_-_The_Videogame.jpg</String></Pair> 
				<Pair key="title"><String> TCXS - The Expendables 2 - The Videogame</String></Pair> 
				<Pair key="info"><String>NPUB30718</String></Pair> 
			</Table>
			<Table key="C00_US_item_227"> 
				<Pair key="icon"><String>/dev_hdd0/game/HENBSTORE/USRDIR/IMAGES/PSNSTUFF/The_Fancy_Pants_Adventures.jpg</String></Pair> 
				<Pair key="title"><String> TCXS - The Fancy Pants Adventures</String></Pair> 
				<Pair key="info"><String>NPUB30343</String></Pair> 
			</Table>
			<Table key="C00_US_item_228"> 
				<Pair key="icon"><String>/dev_hdd0/game/HENBSTORE/USRDIR/IMAGES/PSNSTUFF/The_Jackbox_Party_Pack.jpg</String></Pair> 
				<Pair key="title"><String> TCXS - The Jackbox Party Pack</String></Pair> 
				<Pair key="info"><String>NPUB31611</String></Pair> 
			</Table>
			<Table key="C00_US_item_229"> 
				<Pair key="icon"><String>/dev_hdd0/game/HENBSTORE/USRDIR/IMAGES/PSNSTUFF/The_Last_Bounty_Hunter.jpg</String></Pair> 
				<Pair key="title"><String> TCXS - The Last Bounty Hunter</String></Pair> 
				<Pair key="info"><String>NPUB31162</String></Pair> 
			</Table>
			<Table key="C00_US_item_230"> 
				<Pair key="icon"><String>/dev_hdd0/game/HENBSTORE/USRDIR/IMAGES/PSNSTUFF/The_Simpsons_Arcade_Game.jpg</String></Pair> 
				<Pair key="title"><String> TCXS - The Simpsons Arcade Game</String></Pair> 
				<Pair key="info"><String>NPUB30563</String></Pair> 
			</Table>
			<Table key="C00_US_item_231"> 
				<Pair key="icon"><String>/dev_hdd0/game/HENBSTORE/USRDIR/IMAGES/PSNSTUFF/The_Treasure_of_Montezuma_4.jpg</String></Pair> 
				<Pair key="title"><String> TCXS - The Treasure of Montezuma 4</String></Pair> 
				<Pair key="info"><String>NPUB31497</String></Pair> 
			</Table>
			<Table key="C00_US_item_232"> 
				<Pair key="icon"><String>/dev_hdd0/game/HENBSTORE/USRDIR/IMAGES/PSNSTUFF/The_Undergarden.jpg</String></Pair> 
				<Pair key="title"><String> TCXS - The Undergarden</String></Pair> 
				<Pair key="info"><String>NPUB30297</String></Pair> 
			</Table>
			<Table key="C00_US_item_233"> 
				<Pair key="icon"><String>/dev_hdd0/game/HENBSTORE/USRDIR/IMAGES/PSNSTUFF/The_Unfinished_Swan.jpg</String></Pair> 
				<Pair key="title"><String> TCXS - The Unfinished Swan</String></Pair> 
				<Pair key="info"><String>NPUA98202</String></Pair> 
			</Table>
			<Table key="C00_US_item_234"> 
				<Pair key="icon"><String>/dev_hdd0/game/HENBSTORE/USRDIR/IMAGES/PSNSTUFF/Thunder_Wolves.jpg</String></Pair> 
				<Pair key="title"><String> TCXS - Thunder Wolves</String></Pair> 
				<Pair key="info"><String>NPUB31284</String></Pair> 
			</Table>
			<Table key="C00_US_item_235"> 
				<Pair key="icon"><String>/dev_hdd0/game/HENBSTORE/USRDIR/IMAGES/PSNSTUFF/Time_Machine_Rogue_Pilot.jpg</String></Pair> 
				<Pair key="title"><String> TCXS - Time Machine Rogue Pilot</String></Pair> 
				<Pair key="info"><String>NPUB30474</String></Pair> 
			</Table>
			<Table key="C00_US_item_236"> 
				<Pair key="icon"><String>/dev_hdd0/game/HENBSTORE/USRDIR/IMAGES/PSNSTUFF/Tiny_Brains.jpg</String></Pair> 
				<Pair key="title"><String> TCXS - Tiny Brains</String></Pair> 
				<Pair key="info"><String>NPUB31367</String></Pair> 
			</Table>
			<Table key="C00_US_item_237"> 
				<Pair key="icon"><String>/dev_hdd0/game/HENBSTORE/USRDIR/IMAGES/PSNSTUFF/Tiny_Token_Empires.jpg</String></Pair> 
				<Pair key="title"><String> TCXS - Tiny Token Empires</String></Pair> 
				<Pair key="info"><String>NPUB31176</String></Pair> 
			</Table>
			<Table key="C00_US_item_238"> 
				<Pair key="icon"><String>/dev_hdd0/game/HENBSTORE/USRDIR/IMAGES/PSNSTUFF/TMNT_-_Out_of_the_Shadows.jpg</String></Pair> 
				<Pair key="title"><String> TCXS - TMNT - Out of the Shadows</String></Pair> 
				<Pair key="info"><String>NPUB31217</String></Pair> 
			</Table>
			<Table key="C00_US_item_239"> 
				<Pair key="icon"><String>/dev_hdd0/game/HENBSTORE/USRDIR/IMAGES/PSNSTUFF/TMNT_-_Turtles_in_Time_ReShelled.jpg</String></Pair> 
				<Pair key="title"><String> TCXS - TMNT - Turtles in Time ReShelled</String></Pair> 
				<Pair key="info"><String>NPUB30107</String></Pair> 
			</Table>
			<Table key="C00_US_item_240"> 
				<Pair key="icon"><String>/dev_hdd0/game/HENBSTORE/USRDIR/IMAGES/PSNSTUFF/TNT_Racers.jpg</String></Pair> 
				<Pair key="title"><String> TCXS - TNT Racers</String></Pair> 
				<Pair key="info"><String>NPUB30278</String></Pair> 
			</Table>
			<Table key="C00_US_item_241"> 
				<Pair key="icon"><String>/dev_hdd0/game/HENBSTORE/USRDIR/IMAGES/PSNSTUFF/Toki_Tori.jpg</String></Pair> 
				<Pair key="title"><String> TCXS - Toki Tori</String></Pair> 
				<Pair key="info"><String>NPUB30743</String></Pair> 
			</Table>
			<Table key="C00_US_item_242"> 
				<Pair key="icon"><String>/dev_hdd0/game/HENBSTORE/USRDIR/IMAGES/PSNSTUFF/Topatoi.jpg</String></Pair> 
				<Pair key="title"><String> TCXS - Topatoi</String></Pair> 
				<Pair key="info"><String>NPUB30316</String></Pair> 
			</Table>
			<Table key="C00_US_item_243"> 
				<Pair key="icon"><String>/dev_hdd0/game/HENBSTORE/USRDIR/IMAGES/PSNSTUFF/Toybox_Turbos.jpg</String></Pair> 
				<Pair key="title"><String> TCXS - Toybox Turbos</String></Pair> 
				<Pair key="info"><String>NPUB31560</String></Pair> 
			</Table>
			<Table key="C00_US_item_244"> 
				<Pair key="icon"><String>/dev_hdd0/game/HENBSTORE/USRDIR/IMAGES/PSNSTUFF/Trine_2.jpg</String></Pair> 
				<Pair key="title"><String> TCXS - Trine 2</String></Pair> 
				<Pair key="info"><String>NPUB30331</String></Pair> 
			</Table>
			<Table key="C00_US_item_245"> 
				<Pair key="icon"><String>/dev_hdd0/game/HENBSTORE/USRDIR/IMAGES/PSNSTUFF/TV_Show_King.jpg</String></Pair> 
				<Pair key="title"><String> TCXS - TV Show King</String></Pair> 
				<Pair key="info"><String>NPUB30155</String></Pair> 
			</Table>
			<Table key="C00_US_item_246"> 
				<Pair key="icon"><String>/dev_hdd0/game/HENBSTORE/USRDIR/IMAGES/PSNSTUFF/Twisted_Lands_Shadow_Town.jpg</String></Pair> 
				<Pair key="title"><String> TCXS - Twisted Lands Shadow Town</String></Pair> 
				<Pair key="info"><String>NPUB30480</String></Pair> 
			</Table>
			<Table key="C00_US_item_247"> 
				<Pair key="icon"><String>/dev_hdd0/game/HENBSTORE/USRDIR/IMAGES/PSNSTUFF/Ugly_Americans_Apocalypsegeddon.jpg</String></Pair> 
				<Pair key="title"><String> TCXS - Ugly Americans Apocalypsegeddon</String></Pair> 
				<Pair key="info"><String>NPUB30491</String></Pair> 
			</Table>
			<Table key="C00_US_item_248"> 
				<Pair key="icon"><String>/dev_hdd0/game/HENBSTORE/USRDIR/IMAGES/PSNSTUFF/UNO.jpg</String></Pair> 
				<Pair key="title"><String> TCXS - UNO</String></Pair> 
				<Pair key="info"><String>NPUB30160</String></Pair> 
			</Table>
			<Table key="C00_US_item_249"> 
				<Pair key="icon"><String>/dev_hdd0/game/HENBSTORE/USRDIR/IMAGES/PSNSTUFF/Voltron_-_Defender_of_the_Universe.jpg</String></Pair> 
				<Pair key="title"><String> TCXS - Voltron - Defender of the Universe</String></Pair> 
				<Pair key="info"><String>NPUB30524</String></Pair> 
			</Table>
			<Table key="C00_US_item_250"> 
				<Pair key="icon"><String>/dev_hdd0/game/HENBSTORE/USRDIR/IMAGES/PSNSTUFF/Voodoo_Dice.jpg</String></Pair> 
				<Pair key="title"><String> TCXS - Voodoo Dice</String></Pair> 
				<Pair key="info"><String>NPUB30186</String></Pair> 
			</Table>
			<Table key="C00_US_item_251"> 
				<Pair key="icon"><String>/dev_hdd0/game/HENBSTORE/USRDIR/IMAGES/PSNSTUFF/Wanted_CORP.jpg</String></Pair> 
				<Pair key="title"><String> TCXS - Wanted CORP</String></Pair> 
				<Pair key="info"><String>NPUB30446</String></Pair> 
			</Table>
			<Table key="C00_US_item_252"> 
				<Pair key="icon"><String>/dev_hdd0/game/HENBSTORE/USRDIR/IMAGES/PSNSTUFF/Warhammer_40000_-_Kill_Team.jpg</String></Pair> 
				<Pair key="title"><String> TCXS - Warhammer 40000 - Kill Team</String></Pair> 
				<Pair key="info"><String>NPUB30473</String></Pair> 
			</Table>
			<Table key="C00_US_item_253"> 
				<Pair key="icon"><String>/dev_hdd0/game/HENBSTORE/USRDIR/IMAGES/PSNSTUFF/Warlords.jpg</String></Pair> 
				<Pair key="title"><String> TCXS - Warlords</String></Pair> 
				<Pair key="info"><String>NPUB30431</String></Pair> 
			</Table>
			<Table key="C00_US_item_254"> 
				<Pair key="icon"><String>/dev_hdd0/game/HENBSTORE/USRDIR/IMAGES/PSNSTUFF/Warp.jpg</String></Pair> 
				<Pair key="title"><String> TCXS - Warp</String></Pair> 
				<Pair key="info"><String>NPUB30543</String></Pair> 
			</Table>
			<Table key="C00_US_item_255"> 
				<Pair key="icon"><String>/dev_hdd0/game/HENBSTORE/USRDIR/IMAGES/PSNSTUFF/Watchmen_-_The_End_is_nigh_EP1.jpg</String></Pair> 
				<Pair key="title"><String> TCXS - Watchmen - The End is nigh EP1</String></Pair> 
				<Pair key="info"><String>NPUB30050</String></Pair> 
			</Table>
			<Table key="C00_US_item_256"> 
				<Pair key="icon"><String>/dev_hdd0/game/HENBSTORE/USRDIR/IMAGES/PSNSTUFF/Watchmen_-_The_End_is_nigh_EP2.jpg</String></Pair> 
				<Pair key="title"><String> TCXS - Watchmen - The End is nigh EP2</String></Pair> 
				<Pair key="info"><String>NPUB30071</String></Pair> 
			</Table>
			<Table key="C00_US_item_257"> 
				<Pair key="icon"><String>/dev_hdd0/game/HENBSTORE/USRDIR/IMAGES/PSNSTUFF/When_Vikings_Attack.jpg</String></Pair> 
				<Pair key="title"><String> TCXS - When Vikings Attack</String></Pair> 
				<Pair key="info"><String>NPUA80754</String></Pair> 
			</Table>
			<Table key="C00_US_item_258"> 
				<Pair key="icon"><String>/dev_hdd0/game/HENBSTORE/USRDIR/IMAGES/PSNSTUFF/Wizardry_Labyrinth_of_Lost_Souls.jpg</String></Pair> 
				<Pair key="title"><String> TCXS - Wizardry Labyrinth of Lost Souls</String></Pair> 
				<Pair key="info"><String>NPUB30452</String></Pair> 
			</Table>
			<Table key="C00_US_item_259"> 
				<Pair key="icon"><String>/dev_hdd0/game/HENBSTORE/USRDIR/IMAGES/PSNSTUFF/World_Gone_Sour.jpg</String></Pair> 
				<Pair key="title"><String> TCXS - World Gone Sour</String></Pair> 
				<Pair key="info"><String>NPUB30660</String></Pair> 
			</Table>
			<Table key="C00_US_item_260"> 
				<Pair key="icon"><String>/dev_hdd0/game/HENBSTORE/USRDIR/IMAGES/PSNSTUFF/Worms_2_Armageddon.jpg</String></Pair> 
				<Pair key="title"><String> TCXS - Worms 2 Armageddon</String></Pair> 
				<Pair key="info"><String>NPUB30230</String></Pair> 
			</Table>
			<Table key="C00_US_item_261"> 
				<Pair key="icon"><String>/dev_hdd0/game/HENBSTORE/USRDIR/IMAGES/PSNSTUFF/Yu-Gi-Oh_-_Millennium_Duels.jpg</String></Pair> 
				<Pair key="title"><String> TCXS - Yu-Gi-Oh - Millennium Duels</String></Pair> 
				<Pair key="info"><String>NPUB31455</String></Pair> 
			</Table>
			<Table key="C00_US_item_262"> 
				<Pair key="icon"><String>/dev_hdd0/game/HENBSTORE/USRDIR/IMAGES/PSNSTUFF/Yu-Gi-Oh_5Ds_Decade_Duels_Plus.jpg</String></Pair> 
				<Pair key="title"><String> TCXS - Yu-Gi-Oh 5Ds Decade Duels Plus</String></Pair> 
				<Pair key="info"><String>NPUB30903</String></Pair> 
			</Table>
			<Table key="C00_US_item_263"> 
				<Pair key="icon"><String>/dev_hdd0/game/HENBSTORE/USRDIR/IMAGES/PSNSTUFF/Zeno_Clash_2.jpg</String></Pair> 
				<Pair key="title"><String> TCXS - Zeno Clash 2</String></Pair> 
				<Pair key="info"><String>NPUB30872</String></Pair> 
			</Table>
			<Table key="C00_US_item_264"> 
				<Pair key="icon"><String>/dev_hdd0/game/HENBSTORE/USRDIR/IMAGES/PSNSTUFF/Zombie_Apocalypse.jpg</String></Pair> 
				<Pair key="title"><String> TCXS - Zombie Apocalypse</String></Pair> 
				<Pair key="info"><String>NPUB30069</String></Pair> 
			</Table>
			<Table key="C00_US_item_265"> 
				<Pair key="icon"><String>/dev_hdd0/game/HENBSTORE/USRDIR/IMAGES/PSNSTUFF/Zombie_Apocalypse_-_Never_Die_Alone.jpg</String></Pair> 
				<Pair key="title"><String> TCXS - Zombie Apocalypse - Never Die Alone</String></Pair> 
				<Pair key="info"><String>NPUB30506</String></Pair> 
			</Table>
			<Table key="C00_US_item_266"> 
				<Pair key="icon"><String>/dev_hdd0/game/HENBSTORE/USRDIR/IMAGES/PSNSTUFF/Zombie_Driver_HD.jpg</String></Pair> 
				<Pair key="title"><String> TCXS - Zombie Driver HD</String></Pair> 
				<Pair key="info"><String>NPUB30922</String></Pair> 
			</Table>
			<Table key="C00_US_item_267"> 
				<Pair key="icon"><String>/dev_hdd0/game/HENBSTORE/USRDIR/IMAGES/PSNSTUFF/Zuma.jpg</String></Pair> 
				<Pair key="title"><String> TCXS - Zuma</String></Pair> 
				<Pair key="info"><String>NPUA30003</String></Pair> 
			</Table>
			<Table key="C00_US_item_268"> 
				<Pair key="icon"><String>/dev_hdd0/game/HENBSTORE/USRDIR/IMAGES/PSNSTUFF/Zumas_Revenge.jpg</String></Pair> 
				<Pair key="title"><String> TCXS - Zumas Revenge</String></Pair> 
				<Pair key="info"><String>NPUB30881</String></Pair> 
			</Table>
			<Table key="psnstuff_C00_EU_item_269">
                <Pair key="icon"><String>/dev_hdd0/game/HENBSTORE/USRDIR/IMAGES/PSNSTUFF/download.jpg</String></Pair>
                <Pair key="title"><String> TCXS - 4-8-15-16-23-42 </String></Pair>
                <Pair key="info"><String>DHARMA</String></Pair>
                <Pair key="ingame"><String>disable</String></Pair>
            </Table>
		</Attributes>
		<Items>
			<Query 
				class="type:x-xmb/folder-pixmap" 
				key="C00_US_item_219" 
				attr="C00_US_item_219" 
				src="#C00_US_item_219_link" 
			/>
			<Query 
				class="type:x-xmb/folder-pixmap" 
				key="C00_US_item_220" 
				attr="C00_US_item_220" 
				src="#C00_US_item_220_link" 
			/>
			<Query 
				class="type:x-xmb/folder-pixmap" 
				key="C00_US_item_221" 
				attr="C00_US_item_221" 
				src="#C00_US_item_221_link" 
			/>
			<Query 
				class="type:x-xmb/folder-pixmap" 
				key="C00_US_item_222" 
				attr="C00_US_item_222" 
				src="#C00_US_item_222_link" 
			/>
			<Query 
				class="type:x-xmb/folder-pixmap" 
				key="C00_US_item_223" 
				attr="C00_US_item_223" 
				src="#C00_US_item_223_link" 
			/>
			<Query 
				class="type:x-xmb/folder-pixmap" 
				key="C00_US_item_224" 
				attr="C00_US_item_224" 
				src="#C00_US_item_224_link" 
			/>
			<Query 
				class="type:x-xmb/folder-pixmap" 
				key="C00_US_item_225" 
				attr="C00_US_item_225" 
				src="#C00_US_item_225_link" 
			/>
			<Query 
				class="type:x-xmb/folder-pixmap" 
				key="C00_US_item_226" 
				attr="C00_US_item_226" 
				src="#C00_US_item_226_link" 
			/>
			<Query 
				class="type:x-xmb/folder-pixmap" 
				key="C00_US_item_227" 
				attr="C00_US_item_227" 
				src="#C00_US_item_227_link" 
			/>
			<Query 
				class="type:x-xmb/folder-pixmap" 
				key="C00_US_item_228" 
				attr="C00_US_item_228" 
				src="#C00_US_item_228_link" 
			/>
			<Query 
				class="type:x-xmb/folder-pixmap" 
				key="C00_US_item_229" 
				attr="C00_US_item_229" 
				src="#C00_US_item_229_link" 
			/>
			<Query 
				class="type:x-xmb/folder-pixmap" 
				key="C00_US_item_230" 
				attr="C00_US_item_230" 
				src="#C00_US_item_230_link" 
			/>
			<Query 
				class="type:x-xmb/folder-pixmap" 
				key="C00_US_item_231" 
				attr="C00_US_item_231" 
				src="#C00_US_item_231_link" 
			/>
			<Query 
				class="type:x-xmb/folder-pixmap" 
				key="C00_US_item_232" 
				attr="C00_US_item_232" 
				src="#C00_US_item_232_link" 
			/>
			<Query 
				class="type:x-xmb/folder-pixmap" 
				key="C00_US_item_233" 
				attr="C00_US_item_233" 
				src="#C00_US_item_233_link" 
			/>
			<Query 
				class="type:x-xmb/folder-pixmap" 
				key="C00_US_item_234" 
				attr="C00_US_item_234" 
				src="#C00_US_item_234_link" 
			/>
			<Query 
				class="type:x-xmb/folder-pixmap" 
				key="C00_US_item_235" 
				attr="C00_US_item_235" 
				src="#C00_US_item_235_link" 
			/>
			<Query 
				class="type:x-xmb/folder-pixmap" 
				key="C00_US_item_236" 
				attr="C00_US_item_236" 
				src="#C00_US_item_236_link" 
			/>
			<Query 
				class="type:x-xmb/folder-pixmap" 
				key="C00_US_item_237" 
				attr="C00_US_item_237" 
				src="#C00_US_item_237_link" 
			/>
			<Query 
				class="type:x-xmb/folder-pixmap" 
				key="C00_US_item_238" 
				attr="C00_US_item_238" 
				src="#C00_US_item_238_link" 
			/>
			<Query 
				class="type:x-xmb/folder-pixmap" 
				key="C00_US_item_239" 
				attr="C00_US_item_239" 
				src="#C00_US_item_239_link" 
			/>
			<Query 
				class="type:x-xmb/folder-pixmap" 
				key="C00_US_item_240" 
				attr="C00_US_item_240" 
				src="#C00_US_item_240_link" 
			/>
			<Query 
				class="type:x-xmb/folder-pixmap" 
				key="C00_US_item_241" 
				attr="C00_US_item_241" 
				src="#C00_US_item_241_link" 
			/>
			<Query 
				class="type:x-xmb/folder-pixmap" 
				key="C00_US_item_242" 
				attr="C00_US_item_242" 
				src="#C00_US_item_242_link" 
			/>
			<Query 
				class="type:x-xmb/folder-pixmap" 
				key="C00_US_item_243" 
				attr="C00_US_item_243" 
				src="#C00_US_item_243_link" 
			/>
			<Query 
				class="type:x-xmb/folder-pixmap" 
				key="C00_US_item_244" 
				attr="C00_US_item_244" 
				src="#C00_US_item_244_link" 
			/>
			<Query 
				class="type:x-xmb/folder-pixmap" 
				key="C00_US_item_245" 
				attr="C00_US_item_245" 
				src="#C00_US_item_245_link" 
			/>
			<Query 
				class="type:x-xmb/folder-pixmap" 
				key="C00_US_item_246" 
				attr="C00_US_item_246" 
				src="#C00_US_item_246_link" 
			/>
			<Query 
				class="type:x-xmb/folder-pixmap" 
				key="C00_US_item_247" 
				attr="C00_US_item_247" 
				src="#C00_US_item_247_link" 
			/>
			<Query 
				class="type:x-xmb/folder-pixmap" 
				key="C00_US_item_248" 
				attr="C00_US_item_248" 
				src="#C00_US_item_248_link" 
			/>
			<Query 
				class="type:x-xmb/folder-pixmap" 
				key="C00_US_item_249" 
				attr="C00_US_item_249" 
				src="#C00_US_item_249_link" 
			/>
			<Query 
				class="type:x-xmb/folder-pixmap" 
				key="C00_US_item_250" 
				attr="C00_US_item_250" 
				src="#C00_US_item_250_link" 
			/>
			<Query 
				class="type:x-xmb/folder-pixmap" 
				key="C00_US_item_251" 
				attr="C00_US_item_251" 
				src="#C00_US_item_251_link" 
			/>
			<Query 
				class="type:x-xmb/folder-pixmap" 
				key="C00_US_item_252" 
				attr="C00_US_item_252" 
				src="#C00_US_item_252_link" 
			/>
			<Query 
				class="type:x-xmb/folder-pixmap" 
				key="C00_US_item_253" 
				attr="C00_US_item_253" 
				src="#C00_US_item_253_link" 
			/>
			<Query 
				class="type:x-xmb/folder-pixmap" 
				key="C00_US_item_254" 
				attr="C00_US_item_254" 
				src="#C00_US_item_254_link" 
			/>
			<Query 
				class="type:x-xmb/folder-pixmap" 
				key="C00_US_item_255" 
				attr="C00_US_item_255" 
				src="#C00_US_item_255_link" 
			/>
			<Query 
				class="type:x-xmb/folder-pixmap" 
				key="C00_US_item_256" 
				attr="C00_US_item_256" 
				src="#C00_US_item_256_link" 
			/>
			<Query 
				class="type:x-xmb/folder-pixmap" 
				key="C00_US_item_257" 
				attr="C00_US_item_257" 
				src="#C00_US_item_257_link" 
			/>
			<Query 
				class="type:x-xmb/folder-pixmap" 
				key="C00_US_item_258" 
				attr="C00_US_item_258" 
				src="#C00_US_item_258_link" 
			/>
			<Query 
				class="type:x-xmb/folder-pixmap" 
				key="C00_US_item_259" 
				attr="C00_US_item_259" 
				src="#C00_US_item_259_link" 
			/>
			<Query 
				class="type:x-xmb/folder-pixmap" 
				key="C00_US_item_260" 
				attr="C00_US_item_260" 
				src="#C00_US_item_260_link" 
			/>
			<Query 
				class="type:x-xmb/folder-pixmap" 
				key="C00_US_item_261" 
				attr="C00_US_item_261" 
				src="#C00_US_item_261_link" 
			/>
			<Query 
				class="type:x-xmb/folder-pixmap" 
				key="C00_US_item_262" 
				attr="C00_US_item_262" 
				src="#C00_US_item_262_link" 
			/>
			<Query 
				class="type:x-xmb/folder-pixmap" 
				key="C00_US_item_263" 
				attr="C00_US_item_263" 
				src="#C00_US_item_263_link" 
			/>
			<Query 
				class="type:x-xmb/folder-pixmap" 
				key="C00_US_item_264" 
				attr="C00_US_item_264" 
				src="#C00_US_item_264_link" 
			/>
			<Query 
				class="type:x-xmb/folder-pixmap" 
				key="C00_US_item_265" 
				attr="C00_US_item_265" 
				src="#C00_US_item_265_link" 
			/>
			<Query 
				class="type:x-xmb/folder-pixmap" 
				key="C00_US_item_266" 
				attr="C00_US_item_266" 
				src="#C00_US_item_266_link" 
			/>
			<Query 
				class="type:x-xmb/folder-pixmap" 
				key="C00_US_item_267" 
				attr="C00_US_item_267" 
				src="#C00_US_item_267_link" 
			/>
			<Query 
				class="type:x-xmb/folder-pixmap" 
				key="C00_US_item_268" 
				attr="C00_US_item_268" 
				src="#C00_US_item_268_link" 
			/>
			<Query
                class="type:x-xmb/folder-pixmap"
                key="psnstuff_C00_EU_item_269"
                attr="psnstuff_C00_EU_item_269"
                src="#psnstuff_C00_EU_item_269_link"
            />
		</Items>
	</View>

	<View id="C00_US_item_219_link"> 
		<Attributes> 
			<Table key="C00_US_link_219"> 
				<Pair key="info"><String>net_package_install</String></Pair> 
				<Pair key="pkg_src"><String>http://ares.dl.playstation.net/cdn/UP2045/NPUB30311_00/CJnDjZIcIPWbxfalwceSRIEYMDjhpNjUnFCCpYqTdvUDbvkokxCiLSNTRDrHcnNCaAQuPtkfScqrVPpUPuDJQNuhUgqUkOGCYttaQ.pkg</String></Pair> 
				<Pair key="pkg_src_qa"><String>http://ares.dl.playstation.net/cdn/UP2045/NPUB30311_00/CJnDjZIcIPWbxfalwceSRIEYMDjhpNjUnFCCpYqTdvUDbvkokxCiLSNTRDrHcnNCaAQuPtkfScqrVPpUPuDJQNuhUgqUkOGCYttaQ.pkg</String></Pair> 
				<Pair key="content_name"><String>tool_pkg_install_pc</String></Pair> 
				<Pair key="content_id"><String>UP2045-NPUB30311_00-ABOUTABLOB000001</String></Pair> 
				<Pair key="prod_pict_path"><String>/dev_hdd0/game/HENBSTORE/USRDIR/IMAGES/PSNSTUFF/Tales_from_Space_-_Mutant_Blobs_Attack.jpg</String></Pair> 
			</Table> 
		</Attributes> 
		<Items> 
			<Item class="type:x-xmb/xmlnpsignup" key="C00_US_link_219" attr="C00_US_link_219"/> 
		</Items> 
	</View> 

	<View id="C00_US_item_220_link"> 
		<Attributes> 
			<Table key="C00_US_link_220"> 
				<Pair key="info"><String>net_package_install</String></Pair> 
				<Pair key="pkg_src"><String>http://zeus.dl.playstation.net/cdn/UP2045/NPUB30617_00/vhDATHnRuNCOCJMtOBdlxSDJMdekOHnAlHlsXKVhKaSBpBohfhFBRIlTDIvgtpoHPamZdCTQwVBAmpzYIpUVDTnVGrlctEooChqAd.pkg</String></Pair> 
				<Pair key="pkg_src_qa"><String>http://zeus.dl.playstation.net/cdn/UP2045/NPUB30617_00/vhDATHnRuNCOCJMtOBdlxSDJMdekOHnAlHlsXKVhKaSBpBohfhFBRIlTDIvgtpoHPamZdCTQwVBAmpzYIpUVDTnVGrlctEooChqAd.pkg</String></Pair> 
				<Pair key="content_name"><String>tool_pkg_install_pc</String></Pair> 
				<Pair key="content_id"><String>UP2045-NPUB30617_00-MUTANTBLOBSATK01</String></Pair> 
				<Pair key="prod_pict_path"><String>/dev_hdd0/game/HENBSTORE/USRDIR/IMAGES/PSNSTUFF/Tales_from_Space_-_Mutant_Blobs_Attack.jpg</String></Pair> 
			</Table> 
		</Attributes> 
		<Items> 
			<Item class="type:x-xmb/xmlnpsignup" key="C00_US_link_220" attr="C00_US_link_220"/> 
		</Items> 
	</View> 

	<View id="C00_US_item_221_link"> 
		<Attributes> 
			<Table key="C00_US_link_221"> 
				<Pair key="info"><String>net_package_install</String></Pair> 
				<Pair key="pkg_src"><String>http://zeus.dl.playstation.net/cdn/UP2006/NPUB30154_00/NxIt3byadTla6rxS4yjbMFD8S3sjn8sXFsYVtcMpiAbokL7YF4woutM0rD8fQUPY6nCcFV67JcHNnvJBYKS4L2YrXi7Ml66vix3Uq.pkg</String></Pair> 
				<Pair key="pkg_src_qa"><String>http://zeus.dl.playstation.net/cdn/UP2006/NPUB30154_00/NxIt3byadTla6rxS4yjbMFD8S3sjn8sXFsYVtcMpiAbokL7YF4woutM0rD8fQUPY6nCcFV67JcHNnvJBYKS4L2YrXi7Ml66vix3Uq.pkg</String></Pair> 
				<Pair key="content_name"><String>tool_pkg_install_pc</String></Pair> 
				<Pair key="content_id"><String>UP2006-NPUB30154_00-TANKBATTLE00DEMO</String></Pair> 
				<Pair key="prod_pict_path"><String>/dev_hdd0/game/HENBSTORE/USRDIR/IMAGES/PSNSTUFF/Tank_Battles.jpg</String></Pair> 
			</Table> 
		</Attributes> 
		<Items> 
			<Item class="type:x-xmb/xmlnpsignup" key="C00_US_link_221" attr="C00_US_link_221"/> 
		</Items> 
	</View> 

	<View id="C00_US_item_222_link"> 
		<Attributes> 
			<Table key="C00_US_link_222"> 
				<Pair key="info"><String>net_package_install</String></Pair> 
				<Pair key="pkg_src"><String>http://zeus.dl.playstation.net/cdn/UP4403/NPUB31672_00/UP4403-NPUB31672_00-TENNISFACE000001_bg_1_d93e24f43d17c4ccd1d561cbb45e14dc0cd3cc04.pkg</String></Pair> 
				<Pair key="pkg_src_qa"><String>http://zeus.dl.playstation.net/cdn/UP4403/NPUB31672_00/UP4403-NPUB31672_00-TENNISFACE000001_bg_1_d93e24f43d17c4ccd1d561cbb45e14dc0cd3cc04.pkg</String></Pair> 
				<Pair key="content_name"><String>tool_pkg_install_pc</String></Pair> 
				<Pair key="content_id"><String>UP4403-NPUB31672_00-TENNISFACE000001</String></Pair> 
				<Pair key="prod_pict_path"><String>/dev_hdd0/game/HENBSTORE/USRDIR/IMAGES/PSNSTUFF/Tennis_In_The_Face.jpg</String></Pair> 
			</Table> 
		</Attributes> 
		<Items> 
			<Item class="type:x-xmb/xmlnpsignup" key="C00_US_link_222" attr="C00_US_link_222"/> 
		</Items> 
	</View> 

	<View id="C00_US_item_223_link"> 
		<Attributes> 
			<Table key="C00_US_link_223"> 
				<Pair key="info"><String>net_package_install</String></Pair> 
				<Pair key="pkg_src"><String>http://ares.dl.playstation.net/cdn/UP4040/NPUB30943_00/FZwhpELbvlMBaduHuIXcFkONManyoRAiYhlbDjYkVMZCyTgwCIMEJmGHNtjmxjIB.pkg</String></Pair> 
				<Pair key="pkg_src_qa"><String>http://ares.dl.playstation.net/cdn/UP4040/NPUB30943_00/FZwhpELbvlMBaduHuIXcFkONManyoRAiYhlbDjYkVMZCyTgwCIMEJmGHNtjmxjIB.pkg</String></Pair> 
				<Pair key="content_name"><String>tool_pkg_install_pc</String></Pair> 
				<Pair key="content_id"><String>UP4040-NPUB30943_00-TERRARIA00000001</String></Pair> 
				<Pair key="prod_pict_path"><String>/dev_hdd0/game/HENBSTORE/USRDIR/IMAGES/PSNSTUFF/Terraria.jpg</String></Pair> 
			</Table> 
		</Attributes> 
		<Items> 
			<Item class="type:x-xmb/xmlnpsignup" key="C00_US_link_223" attr="C00_US_link_223"/> 
		</Items> 
	</View> 

	<View id="C00_US_item_224_link"> 
		<Attributes> 
			<Table key="C00_US_link_224"> 
				<Pair key="info"><String>net_package_install</String></Pair> 
				<Pair key="pkg_src"><String>http://ares.dl.playstation.net/cdn/UP0006/NPUB30417_00/EqGNWTTBGiGKCZpwMSFpFphPVwPxvGUHDikKiymHoSkrUXlpmlAeyqyxcinNlmeAXxFRWrHVheApfvSlXUAxupUXlexQLVpuFtjaR.pkg</String></Pair> 
				<Pair key="pkg_src_qa"><String>http://ares.dl.playstation.net/cdn/UP0006/NPUB30417_00/EqGNWTTBGiGKCZpwMSFpFphPVwPxvGUHDikKiymHoSkrUXlpmlAeyqyxcinNlmeAXxFRWrHVheApfvSlXUAxupUXlexQLVpuFtjaR.pkg</String></Pair> 
				<Pair key="content_name"><String>tool_pkg_install_pc</String></Pair> 
				<Pair key="content_id"><String>UP0006-NPUB30417_00-TETRISDEMO000000</String></Pair> 
				<Pair key="prod_pict_path"><String>/dev_hdd0/game/HENBSTORE/USRDIR/IMAGES/PSNSTUFF/Tetris.jpg</String></Pair> 
			</Table> 
		</Attributes> 
		<Items> 
			<Item class="type:x-xmb/xmlnpsignup" key="C00_US_link_224" attr="C00_US_link_224"/> 
		</Items> 
	</View> 

	<View id="C00_US_item_225_link"> 
		<Attributes> 
			<Table key="C00_US_link_225"> 
				<Pair key="info"><String>net_package_install</String></Pair> 
				<Pair key="pkg_src"><String>http://zeus.dl.playstation.net/cdn/UP0177/NPUB30676_00/WirwSfqqUUzFkSMSrPIWAcoRATiktCbWljnEGBSsULXIDpDmnDvUMRIqzzztGXnw.pkg</String></Pair> 
				<Pair key="pkg_src_qa"><String>http://zeus.dl.playstation.net/cdn/UP0177/NPUB30676_00/WirwSfqqUUzFkSMSrPIWAcoRATiktCbWljnEGBSsULXIDpDmnDvUMRIqzzztGXnw.pkg</String></Pair> 
				<Pair key="content_name"><String>tool_pkg_install_pc</String></Pair> 
				<Pair key="content_id"><String>UP0177-NPUB30676_00-CAVEGAME00000000</String></Pair> 
				<Pair key="prod_pict_path"><String>/dev_hdd0/game/HENBSTORE/USRDIR/IMAGES/PSNSTUFF/The_Cave.jpg</String></Pair> 
			</Table> 
		</Attributes> 
		<Items> 
			<Item class="type:x-xmb/xmlnpsignup" key="C00_US_link_225" attr="C00_US_link_225"/> 
		</Items> 
	</View> 

	<View id="C00_US_item_226_link"> 
		<Attributes> 
			<Table key="C00_US_link_226"> 
				<Pair key="info"><String>net_package_install</String></Pair> 
				<Pair key="pkg_src"><String>http://zeus.dl.playstation.net/cdn/UP0001/NPUB30718_00/GuKBTTCtkOuwllOpYwOMZFoKOqlLHeKEsJnFHvzhnaQoYbFuGphrZMvZuQGoGNxZzpWetYpDCOsLTlYcaWErjOnGaVMnBxLYTfHiM.pkg</String></Pair> 
				<Pair key="pkg_src_qa"><String>http://zeus.dl.playstation.net/cdn/UP0001/NPUB30718_00/GuKBTTCtkOuwllOpYwOMZFoKOqlLHeKEsJnFHvzhnaQoYbFuGphrZMvZuQGoGNxZzpWetYpDCOsLTlYcaWErjOnGaVMnBxLYTfHiM.pkg</String></Pair> 
				<Pair key="content_name"><String>tool_pkg_install_pc</String></Pair> 
				<Pair key="content_id"><String>UP0001-NPUB30718_00-EX20000000000001</String></Pair> 
				<Pair key="prod_pict_path"><String>/dev_hdd0/game/HENBSTORE/USRDIR/IMAGES/PSNSTUFF/The_Expendables_2_-_The_Videogame.jpg</String></Pair> 
			</Table> 
		</Attributes> 
		<Items> 
			<Item class="type:x-xmb/xmlnpsignup" key="C00_US_link_226" attr="C00_US_link_226"/> 
		</Items> 
	</View> 

	<View id="C00_US_item_227_link"> 
		<Attributes> 
			<Table key="C00_US_link_227"> 
				<Pair key="info"><String>net_package_install</String></Pair> 
				<Pair key="pkg_src"><String>http://zeus.dl.playstation.net/cdn/UP0006/NPUB30343_00/FagQqXWWvdUzgccGkRzjgpzIuZQLpNqgpIbRqWfpzxhShUChYkridZHoRrdqWJZUTeYgSpHGIkUXxVCsKsWEynxbrMGWWkeoUBQEZ.pkg</String></Pair> 
				<Pair key="pkg_src_qa"><String>http://zeus.dl.playstation.net/cdn/UP0006/NPUB30343_00/FagQqXWWvdUzgccGkRzjgpzIuZQLpNqgpIbRqWfpzxhShUChYkridZHoRrdqWJZUTeYgSpHGIkUXxVCsKsWEynxbrMGWWkeoUBQEZ.pkg</String></Pair> 
				<Pair key="content_name"><String>tool_pkg_install_pc</String></Pair> 
				<Pair key="content_id"><String>UP0006-NPUB30343_00-HDDFANCYPANTS068</String></Pair> 
				<Pair key="prod_pict_path"><String>/dev_hdd0/game/HENBSTORE/USRDIR/IMAGES/PSNSTUFF/The_Fancy_Pants_Adventures.jpg</String></Pair> 
			</Table> 
		</Attributes> 
		<Items> 
			<Item class="type:x-xmb/xmlnpsignup" key="C00_US_link_227" attr="C00_US_link_227"/> 
		</Items> 
	</View> 

	<View id="C00_US_item_228_link"> 
		<Attributes> 
			<Table key="C00_US_link_228"> 
				<Pair key="info"><String>net_package_install</String></Pair> 
				<Pair key="pkg_src"><String>http://zeus.dl.playstation.net/cdn/UP2139/NPUB31611_00/QkUeZdjoMvmcAEIceXAZsZxMXzRLnkpJVvWXDIPzduATSTBsjdJyWoQTkTOIYDmd.pkg</String></Pair> 
				<Pair key="pkg_src_qa"><String>http://zeus.dl.playstation.net/cdn/UP2139/NPUB31611_00/QkUeZdjoMvmcAEIceXAZsZxMXzRLnkpJVvWXDIPzduATSTBsjdJyWoQTkTOIYDmd.pkg</String></Pair> 
				<Pair key="content_name"><String>tool_pkg_install_pc</String></Pair> 
				<Pair key="content_id"><String>UP2139-NPUB31611_00-JBPARTYPACKPS3T1</String></Pair> 
				<Pair key="prod_pict_path"><String>/dev_hdd0/game/HENBSTORE/USRDIR/IMAGES/PSNSTUFF/The_Jackbox_Party_Pack.jpg</String></Pair> 
			</Table> 
		</Attributes> 
		<Items> 
			<Item class="type:x-xmb/xmlnpsignup" key="C00_US_link_228" attr="C00_US_link_228"/> 
		</Items> 
	</View> 

	<View id="C00_US_item_229_link"> 
		<Attributes> 
			<Table key="C00_US_link_229"> 
				<Pair key="info"><String>net_package_install</String></Pair> 
				<Pair key="pkg_src"><String>http://zeus.dl.playstation.net/cdn/UP2043/NPUB31162_00/dqmjGTPwwlLLhZLigyKtEgLXkLyJXPFZjtzutQTjTxdQWxFWLFDtcOOQjQOVOPlP.pkg</String></Pair> 
				<Pair key="pkg_src_qa"><String>http://zeus.dl.playstation.net/cdn/UP2043/NPUB31162_00/dqmjGTPwwlLLhZLigyKtEgLXkLyJXPFZjtzutQTjTxdQWxFWLFDtcOOQjQOVOPlP.pkg</String></Pair> 
				<Pair key="content_name"><String>tool_pkg_install_pc</String></Pair> 
				<Pair key="content_id"><String>UP2043-NPUB31162_00-BOUNTYHUNTER0001</String></Pair> 
				<Pair key="prod_pict_path"><String>/dev_hdd0/game/HENBSTORE/USRDIR/IMAGES/PSNSTUFF/The_Last_Bounty_Hunter.jpg</String></Pair> 
			</Table> 
		</Attributes> 
		<Items> 
			<Item class="type:x-xmb/xmlnpsignup" key="C00_US_link_229" attr="C00_US_link_229"/> 
		</Items> 
	</View> 

	<View id="C00_US_item_230_link"> 
		<Attributes> 
			<Table key="C00_US_link_230"> 
				<Pair key="info"><String>net_package_install</String></Pair> 
				<Pair key="pkg_src"><String>http://zeus.dl.playstation.net/cdn/UP0101/NPUB30563_00/tZuJUnjOTGAHIfnnXmQfhTGYyqXlpevFuDLBMeriKISvJfRqxOGKEsPiHZJBODrdnGVMklMDhDoQqbGnZCkhuwMLEfJbSJTufcpAU.pkg</String></Pair> 
				<Pair key="pkg_src_qa"><String>http://zeus.dl.playstation.net/cdn/UP0101/NPUB30563_00/tZuJUnjOTGAHIfnnXmQfhTGYyqXlpevFuDLBMeriKISvJfRqxOGKEsPiHZJBODrdnGVMklMDhDoQqbGnZCkhuwMLEfJbSJTufcpAU.pkg</String></Pair> 
				<Pair key="content_name"><String>tool_pkg_install_pc</String></Pair> 
				<Pair key="content_id"><String>UP0101-NPUB30563_00-SIMPSONSARCADEKO</String></Pair> 
				<Pair key="prod_pict_path"><String>/dev_hdd0/game/HENBSTORE/USRDIR/IMAGES/PSNSTUFF/The_Simpsons_Arcade_Game.jpg</String></Pair> 
			</Table> 
		</Attributes> 
		<Items> 
			<Item class="type:x-xmb/xmlnpsignup" key="C00_US_link_230" attr="C00_US_link_230"/> 
		</Items> 
	</View> 

	<View id="C00_US_item_231_link"> 
		<Attributes> 
			<Table key="C00_US_link_231"> 
				<Pair key="info"><String>net_package_install</String></Pair> 
				<Pair key="pkg_src"><String>http://zeus.dl.playstation.net/cdn/UP4235/NPUB31497_00/UP4235-NPUB31497_00-MONTEZUMA400000U_bg_1_00b1324515eb03a6bcf60f91391821de40ad4b75.pkg</String></Pair> 
				<Pair key="pkg_src_qa"><String>http://zeus.dl.playstation.net/cdn/UP4235/NPUB31497_00/UP4235-NPUB31497_00-MONTEZUMA400000U_bg_1_00b1324515eb03a6bcf60f91391821de40ad4b75.pkg</String></Pair> 
				<Pair key="content_name"><String>tool_pkg_install_pc</String></Pair> 
				<Pair key="content_id"><String>UP4235-NPUB31497_00-MONTEZUMA400000U</String></Pair> 
				<Pair key="prod_pict_path"><String>/dev_hdd0/game/HENBSTORE/USRDIR/IMAGES/PSNSTUFF/The_Treasure_of_Montezuma_4.jpg</String></Pair> 
			</Table> 
		</Attributes> 
		<Items> 
			<Item class="type:x-xmb/xmlnpsignup" key="C00_US_link_231" attr="C00_US_link_231"/> 
		</Items> 
	</View> 

	<View id="C00_US_item_232_link"> 
		<Attributes> 
			<Table key="C00_US_link_232"> 
				<Pair key="info"><String>net_package_install</String></Pair> 
				<Pair key="pkg_src"><String>http://zeus.dl.playstation.net/cdn/UP0182/NPUB30297_00/rfaaupHRkosXQuEETBbTdQHuJGZdpqCiHZSClFoQGzGdpDhBOBOtiCjDXoPQalpNFzVuLZdNwGitIWzlkGEFJXGXmHnmFYAlWRxrk.pkg</String></Pair> 
				<Pair key="pkg_src_qa"><String>http://zeus.dl.playstation.net/cdn/UP0182/NPUB30297_00/rfaaupHRkosXQuEETBbTdQHuJGZdpqCiHZSClFoQGzGdpDhBOBOtiCjDXoPQalpNFzVuLZdNwGitIWzlkGEFJXGXmHnmFYAlWRxrk.pkg</String></Pair> 
				<Pair key="content_name"><String>tool_pkg_install_pc</String></Pair> 
				<Pair key="content_id"><String>UP0182-NPUB30297_00-GAMEPACKAGE00000</String></Pair> 
				<Pair key="prod_pict_path"><String>/dev_hdd0/game/HENBSTORE/USRDIR/IMAGES/PSNSTUFF/The_Undergarden.jpg</String></Pair> 
			</Table> 
		</Attributes> 
		<Items> 
			<Item class="type:x-xmb/xmlnpsignup" key="C00_US_link_232" attr="C00_US_link_232"/> 
		</Items> 
	</View> 

	<View id="C00_US_item_233_link"> 
		<Attributes> 
			<Table key="C00_US_link_233"> 
				<Pair key="info"><String>net_package_install</String></Pair> 
				<Pair key="pkg_src"><String>http://zeus.dl.playstation.net/cdn/UP9000/NPUA98202_00/iaPLFengBZyacBoNXSigaPQBPSuyKdxouknQOjxxFxnDAOhhZhDwvkPxkUMrFoasshmihtYLBJjgFySPRNYktXTjWJNBDXkGljDqA.pkg</String></Pair> 
				<Pair key="pkg_src_qa"><String>http://zeus.dl.playstation.net/cdn/UP9000/NPUA98202_00/iaPLFengBZyacBoNXSigaPQBPSuyKdxouknQOjxxFxnDAOhhZhDwvkPxkUMrFoasshmihtYLBJjgFySPRNYktXTjWJNBDXkGljDqA.pkg</String></Pair> 
				<Pair key="content_name"><String>tool_pkg_install_pc</String></Pair> 
				<Pair key="content_id"><String>UP9000-NPUA98202_00-UNFINISHEDSWAN00</String></Pair> 
				<Pair key="prod_pict_path"><String>/dev_hdd0/game/HENBSTORE/USRDIR/IMAGES/PSNSTUFF/The_Unfinished_Swan.jpg</String></Pair> 
			</Table> 
		</Attributes> 
		<Items> 
			<Item class="type:x-xmb/xmlnpsignup" key="C00_US_link_233" attr="C00_US_link_233"/> 
		</Items> 
	</View> 

	<View id="C00_US_item_234_link"> 
		<Attributes> 
			<Table key="C00_US_link_234"> 
				<Pair key="info"><String>net_package_install</String></Pair> 
				<Pair key="pkg_src"><String>http://zeus.dl.playstation.net/cdn/UP4335/NPUB31284_00/YdTKAcQyRgBBdtWnopxcFPYYFJAiJnXvcqDQoYYSMfDfwzDznhCmmvthEdbuZRZm.pkg</String></Pair> 
				<Pair key="pkg_src_qa"><String>http://zeus.dl.playstation.net/cdn/UP4335/NPUB31284_00/YdTKAcQyRgBBdtWnopxcFPYYFJAiJnXvcqDQoYYSMfDfwzDznhCmmvthEdbuZRZm.pkg</String></Pair> 
				<Pair key="content_name"><String>tool_pkg_install_pc</String></Pair> 
				<Pair key="content_id"><String>UP4335-NPUB31284_00-THUNDERWOLVES001</String></Pair> 
				<Pair key="prod_pict_path"><String>/dev_hdd0/game/HENBSTORE/USRDIR/IMAGES/PSNSTUFF/Thunder_Wolves.jpg</String></Pair> 
			</Table> 
		</Attributes> 
		<Items> 
			<Item class="type:x-xmb/xmlnpsignup" key="C00_US_link_234" attr="C00_US_link_234"/> 
		</Items> 
	</View> 

	<View id="C00_US_item_235_link"> 
		<Attributes> 
			<Table key="C00_US_link_235"> 
				<Pair key="info"><String>net_package_install</String></Pair> 
				<Pair key="pkg_src"><String>http://zeus.dl.playstation.net/cdn/UP4048/NPUB30474_00/lQOHGxyTMmBmfJlmDKIJhsgIpdmofekyQJVfJqWjUbXiEnaooOrBgZxoFZfstsAoSjXHmQqyJoSewklKHPxWnKgZRnFcbENxfNWgr.pkg</String></Pair> 
				<Pair key="pkg_src_qa"><String>http://zeus.dl.playstation.net/cdn/UP4048/NPUB30474_00/lQOHGxyTMmBmfJlmDKIJhsgIpdmofekyQJVfJqWjUbXiEnaooOrBgZxoFZfstsAoSjXHmQqyJoSewklKHPxWnKgZRnFcbENxfNWgr.pkg</String></Pair> 
				<Pair key="content_name"><String>tool_pkg_install_pc</String></Pair> 
				<Pair key="content_id"><String>UP4048-NPUB30474_00-TIMEMACHINEROGUE</String></Pair> 
				<Pair key="prod_pict_path"><String>/dev_hdd0/game/HENBSTORE/USRDIR/IMAGES/PSNSTUFF/Time_Machine_Rogue_Pilot.jpg</String></Pair> 
			</Table> 
		</Attributes> 
		<Items> 
			<Item class="type:x-xmb/xmlnpsignup" key="C00_US_link_235" attr="C00_US_link_235"/> 
		</Items> 
	</View> 

	<View id="C00_US_item_236_link"> 
		<Attributes> 
			<Table key="C00_US_link_236"> 
				<Pair key="info"><String>net_package_install</String></Pair> 
				<Pair key="pkg_src"><String>http://zeus.dl.playstation.net/cdn/UP4040/NPUB31367_00/SNWCIkkvKBQHwpVnOoZPCjfujybcXWTukJJpBZzivqAtsQxsWmRgFDjDJQeOxzTT.pkg</String></Pair> 
				<Pair key="pkg_src_qa"><String>http://zeus.dl.playstation.net/cdn/UP4040/NPUB31367_00/SNWCIkkvKBQHwpVnOoZPCjfujybcXWTukJJpBZzivqAtsQxsWmRgFDjDJQeOxzTT.pkg</String></Pair> 
				<Pair key="content_name"><String>tool_pkg_install_pc</String></Pair> 
				<Pair key="content_id"><String>UP4040-NPUB31367_00-TINYBRAINSGAME01</String></Pair> 
				<Pair key="prod_pict_path"><String>/dev_hdd0/game/HENBSTORE/USRDIR/IMAGES/PSNSTUFF/Tiny_Brains.jpg</String></Pair> 
			</Table> 
		</Attributes> 
		<Items> 
			<Item class="type:x-xmb/xmlnpsignup" key="C00_US_link_236" attr="C00_US_link_236"/> 
		</Items> 
	</View> 

	<View id="C00_US_item_237_link"> 
		<Attributes> 
			<Table key="C00_US_link_237"> 
				<Pair key="info"><String>net_package_install</String></Pair> 
				<Pair key="pkg_src"><String>http://zeus.dl.playstation.net/cdn/UP4194/NPUB31176_00/tJTKHlScImlvtrPfOeNciphLbgwolOJfCVtLpoZUUtpjUAcVIwoLKhsMvYrLUmlT.pkg</String></Pair> 
				<Pair key="pkg_src_qa"><String>http://zeus.dl.playstation.net/cdn/UP4194/NPUB31176_00/tJTKHlScImlvtrPfOeNciphLbgwolOJfCVtLpoZUUtpjUAcVIwoLKhsMvYrLUmlT.pkg</String></Pair> 
				<Pair key="content_name"><String>tool_pkg_install_pc</String></Pair> 
				<Pair key="content_id"><String>UP4194-NPUB31176_00-TINYTOKENEMPIRES</String></Pair> 
				<Pair key="prod_pict_path"><String>/dev_hdd0/game/HENBSTORE/USRDIR/IMAGES/PSNSTUFF/Tiny_Token_Empires.jpg</String></Pair> 
			</Table> 
		</Attributes> 
		<Items> 
			<Item class="type:x-xmb/xmlnpsignup" key="C00_US_link_237" attr="C00_US_link_237"/> 
		</Items> 
	</View> 

	<View id="C00_US_item_238_link"> 
		<Attributes> 
			<Table key="C00_US_link_238"> 
				<Pair key="info"><String>net_package_install</String></Pair> 
				<Pair key="pkg_src"><String>http://zeus.dl.playstation.net/cdn/UP0002/NPUB31217_00/QLflkglhhdjIYowhWHAqmVutdeZRoxNEfcdEbwmBCzHnWExXYsXZkDQDOazqAZUn.pkg</String></Pair> 
				<Pair key="pkg_src_qa"><String>http://zeus.dl.playstation.net/cdn/UP0002/NPUB31217_00/QLflkglhhdjIYowhWHAqmVutdeZRoxNEfcdEbwmBCzHnWExXYsXZkDQDOazqAZUn.pkg</String></Pair> 
				<Pair key="content_name"><String>tool_pkg_install_pc</String></Pair> 
				<Pair key="content_id"><String>UP0002-NPUB31217_00-TMNTPSNATVIRF001</String></Pair> 
				<Pair key="prod_pict_path"><String>/dev_hdd0/game/HENBSTORE/USRDIR/IMAGES/PSNSTUFF/TMNT_-_Out_of_the_Shadows.jpg</String></Pair> 
			</Table> 
		</Attributes> 
		<Items> 
			<Item class="type:x-xmb/xmlnpsignup" key="C00_US_link_238" attr="C00_US_link_238"/> 
		</Items> 
	</View> 

	<View id="C00_US_item_239_link"> 
		<Attributes> 
			<Table key="C00_US_link_239"> 
				<Pair key="info"><String>net_package_install</String></Pair> 
				<Pair key="pkg_src"><String>http://zeus.dl.playstation.net/cdn/UP0001/NPUB30107_00/VhwITo7VEgLiGaK0mMXQ1viQjrA9ppTM00LUeJ2xA33eHbp14fxK4UcXp6BDh9T46WAyHerNRqilu1GTSegXoIdfSEVKIX7hL699J.pkg</String></Pair> 
				<Pair key="pkg_src_qa"><String>http://zeus.dl.playstation.net/cdn/UP0001/NPUB30107_00/VhwITo7VEgLiGaK0mMXQ1viQjrA9ppTM00LUeJ2xA33eHbp14fxK4UcXp6BDh9T46WAyHerNRqilu1GTSegXoIdfSEVKIX7hL699J.pkg</String></Pair> 
				<Pair key="content_name"><String>tool_pkg_install_pc</String></Pair> 
				<Pair key="content_id"><String>UP0001-NPUB30107_00-TMNTRESHELLED001</String></Pair> 
				<Pair key="prod_pict_path"><String>/dev_hdd0/game/HENBSTORE/USRDIR/IMAGES/PSNSTUFF/TMNT_-_Turtles_in_Time_ReShelled.jpg</String></Pair> 
			</Table> 
		</Attributes> 
		<Items> 
			<Item class="type:x-xmb/xmlnpsignup" key="C00_US_link_239" attr="C00_US_link_239"/> 
		</Items> 
	</View> 

	<View id="C00_US_item_240_link"> 
		<Attributes> 
			<Table key="C00_US_link_240"> 
				<Pair key="info"><String>net_package_install</String></Pair> 
				<Pair key="pkg_src"><String>http://zeus.dl.playstation.net/cdn/UP4165/NPUB30278_00/kSWTzRdzxehTwljkPIbEeEOSNALdXGJAXBRMUQaAiBYNokZCdSiDghqcDIzLNPbFadCJYcupaNRkyqrnficEifgoPkiSykbsOwqCt.pkg</String></Pair> 
				<Pair key="pkg_src_qa"><String>http://zeus.dl.playstation.net/cdn/UP4165/NPUB30278_00/kSWTzRdzxehTwljkPIbEeEOSNALdXGJAXBRMUQaAiBYNokZCdSiDghqcDIzLNPbFadCJYcupaNRkyqrnficEifgoPkiSykbsOwqCt.pkg</String></Pair> 
				<Pair key="content_name"><String>tool_pkg_install_pc</String></Pair> 
				<Pair key="content_id"><String>UP4165-NPUB30278_00-TNTRACERS0000001</String></Pair> 
				<Pair key="prod_pict_path"><String>/dev_hdd0/game/HENBSTORE/USRDIR/IMAGES/PSNSTUFF/TNT_Racers.jpg</String></Pair> 
			</Table> 
		</Attributes> 
		<Items> 
			<Item class="type:x-xmb/xmlnpsignup" key="C00_US_link_240" attr="C00_US_link_240"/> 
		</Items> 
	</View> 

	<View id="C00_US_item_241_link"> 
		<Attributes> 
			<Table key="C00_US_link_241"> 
				<Pair key="info"><String>net_package_install</String></Pair> 
				<Pair key="pkg_src"><String>http://zeus.dl.playstation.net/cdn/UP4005/NPUB30743_00/UEcRNZKzELjXbSatFoxwMtUUTHFcDsPuyzBNLtOzHJSPiKqQFrvqEcwTlJHHTJPA.pkg</String></Pair> 
				<Pair key="pkg_src_qa"><String>http://zeus.dl.playstation.net/cdn/UP4005/NPUB30743_00/UEcRNZKzELjXbSatFoxwMtUUTHFcDsPuyzBNLtOzHJSPiKqQFrvqEcwTlJHHTJPA.pkg</String></Pair> 
				<Pair key="content_name"><String>tool_pkg_install_pc</String></Pair> 
				<Pair key="content_id"><String>UP4005-NPUB30743_00-GAMEPURCHASE0001</String></Pair> 
				<Pair key="prod_pict_path"><String>/dev_hdd0/game/HENBSTORE/USRDIR/IMAGES/PSNSTUFF/Toki_Tori.jpg</String></Pair> 
			</Table> 
		</Attributes> 
		<Items> 
			<Item class="type:x-xmb/xmlnpsignup" key="C00_US_link_241" attr="C00_US_link_241"/> 
		</Items> 
	</View> 

	<View id="C00_US_item_242_link"> 
		<Attributes> 
			<Table key="C00_US_link_242"> 
				<Pair key="info"><String>net_package_install</String></Pair> 
				<Pair key="pkg_src"><String>http://zeus.dl.playstation.net/cdn/UP4009/NPUB30316_00/mJNdFFlMDk8iO5wISqN58wLRrwB11qy1B3Km2gEyCQIg2WqPpRUqAqEjWt9vPAj0RCY870wTX1sBbYgpEQqvv5fKUOlByy0ireOLu.pkg</String></Pair> 
				<Pair key="pkg_src_qa"><String>http://zeus.dl.playstation.net/cdn/UP4009/NPUB30316_00/mJNdFFlMDk8iO5wISqN58wLRrwB11qy1B3Km2gEyCQIg2WqPpRUqAqEjWt9vPAj0RCY870wTX1sBbYgpEQqvv5fKUOlByy0ireOLu.pkg</String></Pair> 
				<Pair key="content_name"><String>tool_pkg_install_pc</String></Pair> 
				<Pair key="content_id"><String>UP4009-NPUB30316_00-TOPATOIDEMOTRIAL</String></Pair> 
				<Pair key="prod_pict_path"><String>/dev_hdd0/game/HENBSTORE/USRDIR/IMAGES/PSNSTUFF/Topatoi.jpg</String></Pair> 
			</Table> 
		</Attributes> 
		<Items> 
			<Item class="type:x-xmb/xmlnpsignup" key="C00_US_link_242" attr="C00_US_link_242"/> 
		</Items> 
	</View> 

	<View id="C00_US_item_243_link"> 
		<Attributes> 
			<Table key="C00_US_link_243"> 
				<Pair key="info"><String>net_package_install</String></Pair> 
				<Pair key="pkg_src"><String>http://ares.dl.playstation.net/cdn/UP4001/NPUB31560_00/demUwYFbvJXDqgYHunGQtBHqxUXqRpIjEoxzlgUOiARqkOnQCRHutGLAjBfAaJWZ.pkg</String></Pair> 
				<Pair key="pkg_src_qa"><String>http://ares.dl.playstation.net/cdn/UP4001/NPUB31560_00/demUwYFbvJXDqgYHunGQtBHqxUXqRpIjEoxzlgUOiARqkOnQCRHutGLAjBfAaJWZ.pkg</String></Pair> 
				<Pair key="content_name"><String>tool_pkg_install_pc</String></Pair> 
				<Pair key="content_id"><String>UP4001-NPUB31560_00-TBT000000000ESRB</String></Pair> 
				<Pair key="prod_pict_path"><String>/dev_hdd0/game/HENBSTORE/USRDIR/IMAGES/PSNSTUFF/Toybox_Turbos.jpg</String></Pair> 
			</Table> 
		</Attributes> 
		<Items> 
			<Item class="type:x-xmb/xmlnpsignup" key="C00_US_link_243" attr="C00_US_link_243"/> 
		</Items> 
	</View> 

	<View id="C00_US_item_244_link"> 
		<Attributes> 
			<Table key="C00_US_link_244"> 
				<Pair key="info"><String>net_package_install</String></Pair> 
				<Pair key="pkg_src"><String>http://zeus.dl.playstation.net/cdn/UP0005/NPUB30331_00/magzqMTMFFSfXAAOZHabvxTTyyVYTTafIVFBQBLDFUMvmgvGJqoRENJOlbCUEzRJFGYasWJytyFSHWHCRmaEElXhINoAINCPzPumn.pkg</String></Pair> 
				<Pair key="pkg_src_qa"><String>http://zeus.dl.playstation.net/cdn/UP0005/NPUB30331_00/magzqMTMFFSfXAAOZHabvxTTyyVYTTafIVFBQBLDFUMvmgvGJqoRENJOlbCUEzRJFGYasWJytyFSHWHCRmaEElXhINoAINCPzPumn.pkg</String></Pair> 
				<Pair key="content_name"><String>tool_pkg_install_pc</String></Pair> 
				<Pair key="content_id"><String>UP0005-NPUB30331_00-TRINE2INSTALLER0</String></Pair> 
				<Pair key="prod_pict_path"><String>/dev_hdd0/game/HENBSTORE/USRDIR/IMAGES/PSNSTUFF/Trine_2.jpg</String></Pair> 
			</Table> 
		</Attributes> 
		<Items> 
			<Item class="type:x-xmb/xmlnpsignup" key="C00_US_link_244" attr="C00_US_link_244"/> 
		</Items> 
	</View> 

	<View id="C00_US_item_245_link"> 
		<Attributes> 
			<Table key="C00_US_link_245"> 
				<Pair key="info"><String>net_package_install</String></Pair> 
				<Pair key="pkg_src"><String>http://zeus.dl.playstation.net/cdn/UP2006/NPUB30155_00/TxGte2l3yiAOoqAkExEllR8RT9ctcakjeMLBMplN9mmVH3N369HkRr58Aa8kqTksKdQok5YUwvWnghtYmyPYfuC3bkkDIEBdxeMad.pkg</String></Pair> 
				<Pair key="pkg_src_qa"><String>http://zeus.dl.playstation.net/cdn/UP2006/NPUB30155_00/TxGte2l3yiAOoqAkExEllR8RT9ctcakjeMLBMplN9mmVH3N369HkRr58Aa8kqTksKdQok5YUwvWnghtYmyPYfuC3bkkDIEBdxeMad.pkg</String></Pair> 
				<Pair key="content_name"><String>tool_pkg_install_pc</String></Pair> 
				<Pair key="content_id"><String>UP2006-NPUB30155_00-TVSKPSNDEMO75632</String></Pair> 
				<Pair key="prod_pict_path"><String>/dev_hdd0/game/HENBSTORE/USRDIR/IMAGES/PSNSTUFF/TV_Show_King.jpg</String></Pair> 
			</Table> 
		</Attributes> 
		<Items> 
			<Item class="type:x-xmb/xmlnpsignup" key="C00_US_link_245" attr="C00_US_link_245"/> 
		</Items> 
	</View> 

	<View id="C00_US_item_246_link"> 
		<Attributes> 
			<Table key="C00_US_link_246"> 
				<Pair key="info"><String>net_package_install</String></Pair> 
				<Pair key="pkg_src"><String>http://zeus.dl.playstation.net/cdn/UP4173/NPUB30480_00/ftffUuWcEpelWJTfmSrwNIVabAgEyYMjMSGGgECRgFVaJTqYSCXvXBmEciJkQfsQ.pkg</String></Pair> 
				<Pair key="pkg_src_qa"><String>http://zeus.dl.playstation.net/cdn/UP4173/NPUB30480_00/ftffUuWcEpelWJTfmSrwNIVabAgEyYMjMSGGgECRgFVaJTqYSCXvXBmEciJkQfsQ.pkg</String></Pair> 
				<Pair key="content_name"><String>tool_pkg_install_pc</String></Pair> 
				<Pair key="content_id"><String>UP4173-NPUB30480_00-SHADOWTOWNFREE00</String></Pair> 
				<Pair key="prod_pict_path"><String>/dev_hdd0/game/HENBSTORE/USRDIR/IMAGES/PSNSTUFF/Twisted_Lands_Shadow_Town.jpg</String></Pair> 
			</Table> 
		</Attributes> 
		<Items> 
			<Item class="type:x-xmb/xmlnpsignup" key="C00_US_link_246" attr="C00_US_link_246"/> 
		</Items> 
	</View> 

	<View id="C00_US_item_247_link"> 
		<Attributes> 
			<Table key="C00_US_link_247"> 
				<Pair key="info"><String>net_package_install</String></Pair> 
				<Pair key="pkg_src"><String>http://zeus.dl.playstation.net/cdn/UP2041/NPUB30491_00/TVDjlOtIOTqmoNwKZmiXzJcJwMVzZQRoteGOELtGJuyXItArSSNyewQJoBTljdDQCyawLMQkOuiyNgOLxsFdqMszhZaZqjuhyyAtf.pkg</String></Pair> 
				<Pair key="pkg_src_qa"><String>http://zeus.dl.playstation.net/cdn/UP2041/NPUB30491_00/TVDjlOtIOTqmoNwKZmiXzJcJwMVzZQRoteGOELtGJuyXItArSSNyewQJoBTljdDQCyawLMQkOuiyNgOLxsFdqMszhZaZqjuhyyAtf.pkg</String></Pair> 
				<Pair key="content_name"><String>tool_pkg_install_pc</String></Pair> 
				<Pair key="content_id"><String>UP2041-NPUB30491_00-UGLYAMERICANSTRL</String></Pair> 
				<Pair key="prod_pict_path"><String>/dev_hdd0/game/HENBSTORE/USRDIR/IMAGES/PSNSTUFF/Ugly_Americans_Apocalypsegeddon.jpg</String></Pair> 
			</Table> 
		</Attributes> 
		<Items> 
			<Item class="type:x-xmb/xmlnpsignup" key="C00_US_link_247" attr="C00_US_link_247"/> 
		</Items> 
	</View> 

	<View id="C00_US_item_248_link"> 
		<Attributes> 
			<Table key="C00_US_link_248"> 
				<Pair key="info"><String>net_package_install</String></Pair> 
				<Pair key="pkg_src"><String>http://zeus.dl.playstation.net/cdn/UP2006/NPUB30160_00/P41YHHW1xsCYTkH4qTNdXXeOg3AV1xLMmO0HkRMJxItLmtdO5HX8BnumWSXA67sKA1sf2NGfHfe4h9aYxeikm9c0rkPmFXDHm2sai.pkg</String></Pair> 
				<Pair key="pkg_src_qa"><String>http://zeus.dl.playstation.net/cdn/UP2006/NPUB30160_00/P41YHHW1xsCYTkH4qTNdXXeOg3AV1xLMmO0HkRMJxItLmtdO5HX8BnumWSXA67sKA1sf2NGfHfe4h9aYxeikm9c0rkPmFXDHm2sai.pkg</String></Pair> 
				<Pair key="content_name"><String>tool_pkg_install_pc</String></Pair> 
				<Pair key="content_id"><String>UP2006-NPUB30160_00-UNOTRIALPSNBLDUS</String></Pair> 
				<Pair key="prod_pict_path"><String>/dev_hdd0/game/HENBSTORE/USRDIR/IMAGES/PSNSTUFF/UNO.jpg</String></Pair> 
			</Table> 
		</Attributes> 
		<Items> 
			<Item class="type:x-xmb/xmlnpsignup" key="C00_US_link_248" attr="C00_US_link_248"/> 
		</Items> 
	</View> 

	<View id="C00_US_item_249_link"> 
		<Attributes> 
			<Table key="C00_US_link_249"> 
				<Pair key="info"><String>net_package_install</String></Pair> 
				<Pair key="pkg_src"><String>http://zeus.dl.playstation.net/cdn/UP1005/NPUB30524_00/nVBuuQufXQjbABlzTZWIJIkTgSdsiqVYPVobGDHKLXgxPzTBvdawEnJGDPHixcNPLzynQzldrBtIhHUtreiwsrUPuMwjTfncDcNhY.pkg</String></Pair> 
				<Pair key="pkg_src_qa"><String>http://zeus.dl.playstation.net/cdn/UP1005/NPUB30524_00/nVBuuQufXQjbABlzTZWIJIkTgSdsiqVYPVobGDHKLXgxPzTBvdawEnJGDPHixcNPLzynQzldrBtIhHUtreiwsrUPuMwjTfncDcNhY.pkg</String></Pair> 
				<Pair key="content_name"><String>tool_pkg_install_pc</String></Pair> 
				<Pair key="content_id"><String>UP1005-NPUB30524_00-VOLTRONDEMO00000</String></Pair> 
				<Pair key="prod_pict_path"><String>/dev_hdd0/game/HENBSTORE/USRDIR/IMAGES/PSNSTUFF/Voltron_-_Defender_of_the_Universe.jpg</String></Pair> 
			</Table> 
		</Attributes> 
		<Items> 
			<Item class="type:x-xmb/xmlnpsignup" key="C00_US_link_249" attr="C00_US_link_249"/> 
		</Items> 
	</View> 

	<View id="C00_US_item_250_link"> 
		<Attributes> 
			<Table key="C00_US_link_250"> 
				<Pair key="info"><String>net_package_install</String></Pair> 
				<Pair key="pkg_src"><String>http://zeus.dl.playstation.net/cdn/UP0001/NPUB30186_00/pCrvJf9a774BgeIMTcD3y7hasKAqeYcxUNuRMWCEsdtuliWeNwo3OyrTmk4AjgcAEfEQkGjFgHO04eohqDJdLbOoURjeOVb9OG387.pkg</String></Pair> 
				<Pair key="pkg_src_qa"><String>http://zeus.dl.playstation.net/cdn/UP0001/NPUB30186_00/pCrvJf9a774BgeIMTcD3y7hasKAqeYcxUNuRMWCEsdtuliWeNwo3OyrTmk4AjgcAEfEQkGjFgHO04eohqDJdLbOoURjeOVb9OG387.pkg</String></Pair> 
				<Pair key="content_name"><String>tool_pkg_install_pc</String></Pair> 
				<Pair key="content_id"><String>UP0001-NPUB30186_00-VOODOODICEPS3001</String></Pair> 
				<Pair key="prod_pict_path"><String>/dev_hdd0/game/HENBSTORE/USRDIR/IMAGES/PSNSTUFF/Voodoo_Dice.jpg</String></Pair> 
			</Table> 
		</Attributes> 
		<Items> 
			<Item class="type:x-xmb/xmlnpsignup" key="C00_US_link_250" attr="C00_US_link_250"/> 
		</Items> 
	</View> 

	<View id="C00_US_item_251_link"> 
		<Attributes> 
			<Table key="C00_US_link_251"> 
				<Pair key="info"><String>net_package_install</String></Pair> 
				<Pair key="pkg_src"><String>http://zeus.dl.playstation.net/cdn/UP1026/NPUB30446_00/rJCzZCfjNIKMeDaNijvVNBJPMenvOLMfgOWNJHgxfYvmvMINrSZmRdmPyeYSTDnYNcUFVJlSXuQVtAYUJshnsimzXooCxUXEkdziN.pkg</String></Pair> 
				<Pair key="pkg_src_qa"><String>http://zeus.dl.playstation.net/cdn/UP1026/NPUB30446_00/rJCzZCfjNIKMeDaNijvVNBJPMenvOLMfgOWNJHgxfYvmvMINrSZmRdmPyeYSTDnYNcUFVJlSXuQVtAYUJshnsimzXooCxUXEkdziN.pkg</String></Pair> 
				<Pair key="content_name"><String>tool_pkg_install_pc</String></Pair> 
				<Pair key="content_id"><String>UP1026-NPUB30446_00-WANTEDCORP000001</String></Pair> 
				<Pair key="prod_pict_path"><String>/dev_hdd0/game/HENBSTORE/USRDIR/IMAGES/PSNSTUFF/Wanted_CORP.jpg</String></Pair> 
			</Table> 
		</Attributes> 
		<Items> 
			<Item class="type:x-xmb/xmlnpsignup" key="C00_US_link_251" attr="C00_US_link_251"/> 
		</Items> 
	</View> 

	<View id="C00_US_item_252_link"> 
		<Attributes> 
			<Table key="C00_US_link_252"> 
				<Pair key="info"><String>net_package_install</String></Pair> 
				<Pair key="pkg_src"><String>http://zeus.dl.playstation.net/cdn/UP1005/NPUB30473_00/UthalCimxdxToGAMowqJsuQcyPxscgraVHSwpAhVTEllUioUqRqoDHYIUuzdlDPJEKXdiIeKuRdspDEADkOjyULuFNDwGWIvcZxGT.pkg</String></Pair> 
				<Pair key="pkg_src_qa"><String>http://zeus.dl.playstation.net/cdn/UP1005/NPUB30473_00/UthalCimxdxToGAMowqJsuQcyPxscgraVHSwpAhVTEllUioUqRqoDHYIUuzdlDPJEKXdiIeKuRdspDEADkOjyULuFNDwGWIvcZxGT.pkg</String></Pair> 
				<Pair key="content_name"><String>tool_pkg_install_pc</String></Pair> 
				<Pair key="content_id"><String>UP1005-NPUB30473_00-KILLTEAMVS000001</String></Pair> 
				<Pair key="prod_pict_path"><String>/dev_hdd0/game/HENBSTORE/USRDIR/IMAGES/PSNSTUFF/Warhammer_40000_-_Kill_Team.jpg</String></Pair> 
			</Table> 
		</Attributes> 
		<Items> 
			<Item class="type:x-xmb/xmlnpsignup" key="C00_US_link_252" attr="C00_US_link_252"/> 
		</Items> 
	</View> 

	<View id="C00_US_item_253_link"> 
		<Attributes> 
			<Table key="C00_US_link_253"> 
				<Pair key="info"><String>net_package_install</String></Pair> 
				<Pair key="pkg_src"><String>http://zeus.dl.playstation.net/cdn/UP0182/NPUB30431_00/lxcTcPVZWNtmcFdnzxAeTPsczSTTwVLwxDCrgjwzGCbxaxZzOsRjjedGCpOgtida.pkg</String></Pair> 
				<Pair key="pkg_src_qa"><String>http://zeus.dl.playstation.net/cdn/UP0182/NPUB30431_00/lxcTcPVZWNtmcFdnzxAeTPsczSTTwVLwxDCrgjwzGCbxaxZzOsRjjedGCpOgtida.pkg</String></Pair> 
				<Pair key="content_name"><String>tool_pkg_install_pc</String></Pair> 
				<Pair key="content_id"><String>UP0182-NPUB30431_00-ATARIWARLORDSUSA</String></Pair> 
				<Pair key="prod_pict_path"><String>/dev_hdd0/game/HENBSTORE/USRDIR/IMAGES/PSNSTUFF/Warlords.jpg</String></Pair> 
			</Table> 
		</Attributes> 
		<Items> 
			<Item class="type:x-xmb/xmlnpsignup" key="C00_US_link_253" attr="C00_US_link_253"/> 
		</Items> 
	</View> 

	<View id="C00_US_item_254_link"> 
		<Attributes> 
			<Table key="C00_US_link_254"> 
				<Pair key="info"><String>net_package_install</String></Pair> 
				<Pair key="pkg_src"><String>http://zeus.dl.playstation.net/cdn/UP0006/NPUB30543_00/XSSWENeCWDQDRFkXMjSesIOtHKDIlITsacnJRLwJXOltanCcTfKMROEzgPqeXjodCgWlZfQIfYtLewALMFEsdfdrBIEiqwprWKHiW.pkg</String></Pair> 
				<Pair key="pkg_src_qa"><String>http://zeus.dl.playstation.net/cdn/UP0006/NPUB30543_00/XSSWENeCWDQDRFkXMjSesIOtHKDIlITsacnJRLwJXOltanCcTfKMROEzgPqeXjodCgWlZfQIfYtLewALMFEsdfdrBIEiqwprWKHiW.pkg</String></Pair> 
				<Pair key="content_name"><String>tool_pkg_install_pc</String></Pair> 
				<Pair key="content_id"><String>UP0006-NPUB30543_00-ABCDEFGHIWARPHDD</String></Pair> 
				<Pair key="prod_pict_path"><String>/dev_hdd0/game/HENBSTORE/USRDIR/IMAGES/PSNSTUFF/Warp.jpg</String></Pair> 
			</Table> 
		</Attributes> 
		<Items> 
			<Item class="type:x-xmb/xmlnpsignup" key="C00_US_link_254" attr="C00_US_link_254"/> 
		</Items> 
	</View> 

	<View id="C00_US_item_255_link"> 
		<Attributes> 
			<Table key="C00_US_link_255"> 
				<Pair key="info"><String>net_package_install</String></Pair> 
				<Pair key="pkg_src"><String>http://zeus.dl.playstation.net/cdn/UP1018/NPUB30050_00/coBLkAw5ccsCbUMM0hUF44kdj928EWpqDv8U6SilfhyXPedayVCNkS7l56LyCp0cYJvlrFm9wRD40VmWWP3T9GR5NTyhxXCPg6UFL.pkg</String></Pair> 
				<Pair key="pkg_src_qa"><String>http://zeus.dl.playstation.net/cdn/UP1018/NPUB30050_00/coBLkAw5ccsCbUMM0hUF44kdj928EWpqDv8U6SilfhyXPedayVCNkS7l56LyCp0cYJvlrFm9wRD40VmWWP3T9GR5NTyhxXCPg6UFL.pkg</String></Pair> 
				<Pair key="content_name"><String>tool_pkg_install_pc</String></Pair> 
				<Pair key="content_id"><String>UP1018-NPUB30050_00-WATCHMENDEMOGAME</String></Pair> 
				<Pair key="prod_pict_path"><String>/dev_hdd0/game/HENBSTORE/USRDIR/IMAGES/PSNSTUFF/Watchmen_-_The_End_is_nigh_EP1.jpg</String></Pair> 
			</Table> 
		</Attributes> 
		<Items> 
			<Item class="type:x-xmb/xmlnpsignup" key="C00_US_link_255" attr="C00_US_link_255"/> 
		</Items> 
	</View> 

	<View id="C00_US_item_256_link"> 
		<Attributes> 
			<Table key="C00_US_link_256"> 
				<Pair key="info"><String>net_package_install</String></Pair> 
				<Pair key="pkg_src"><String>http://zeus.dl.playstation.net/cdn/UP1018/NPUB30071_00/fkuArhfTYWNnYmJLOulTICxgGHiBkaq3SObyKx4TKAvjGVqDhjXKBRGmsia74kl3W7mUlYA51lc9LGMFRmH7Vjp6c1DKGAdIhCC6t.pkg</String></Pair> 
				<Pair key="pkg_src_qa"><String>http://zeus.dl.playstation.net/cdn/UP1018/NPUB30071_00/fkuArhfTYWNnYmJLOulTICxgGHiBkaq3SObyKx4TKAvjGVqDhjXKBRGmsia74kl3W7mUlYA51lc9LGMFRmH7Vjp6c1DKGAdIhCC6t.pkg</String></Pair> 
				<Pair key="content_name"><String>tool_pkg_install_pc</String></Pair> 
				<Pair key="content_id"><String>UP1018-NPUB30071_00-WATCHMENDEMOGAME</String></Pair> 
				<Pair key="prod_pict_path"><String>/dev_hdd0/game/HENBSTORE/USRDIR/IMAGES/PSNSTUFF/Watchmen_-_The_End_is_nigh_EP2.jpg</String></Pair> 
			</Table> 
		</Attributes> 
		<Items> 
			<Item class="type:x-xmb/xmlnpsignup" key="C00_US_link_256" attr="C00_US_link_256"/> 
		</Items> 
	</View> 

	<View id="C00_US_item_257_link"> 
		<Attributes> 
			<Table key="C00_US_link_257"> 
				<Pair key="info"><String>net_package_install</String></Pair> 
				<Pair key="pkg_src"><String>http://zeus.dl.playstation.net/cdn/UP9000/NPUA80754_00/CyjRYiwjOOoRhajlAhyUkXIYlgRMGvxADowjNVpjFuXprhQaPhDydZSwBDAVTgaANpEalwqQghcioTOCApdqTHsSIxJDWauXGTfSL.pkg</String></Pair> 
				<Pair key="pkg_src_qa"><String>http://zeus.dl.playstation.net/cdn/UP9000/NPUA80754_00/CyjRYiwjOOoRhajlAhyUkXIYlgRMGvxADowjNVpjFuXprhQaPhDydZSwBDAVTgaANpEalwqQghcioTOCApdqTHsSIxJDWauXGTfSL.pkg</String></Pair> 
				<Pair key="content_name"><String>tool_pkg_install_pc</String></Pair> 
				<Pair key="content_id"><String>UP9000-NPUA80754_00-VIKINGSATTACK001</String></Pair> 
				<Pair key="prod_pict_path"><String>/dev_hdd0/game/HENBSTORE/USRDIR/IMAGES/PSNSTUFF/When_Vikings_Attack.jpg</String></Pair> 
			</Table> 
		</Attributes> 
		<Items> 
			<Item class="type:x-xmb/xmlnpsignup" key="C00_US_link_257" attr="C00_US_link_257"/> 
		</Items> 
	</View> 

	<View id="C00_US_item_258_link"> 
		<Attributes> 
			<Table key="C00_US_link_258"> 
				<Pair key="info"><String>net_package_install</String></Pair> 
				<Pair key="pkg_src"><String>http://zeus.dl.playstation.net/cdn/UP1023/NPUB30452_00/uIxiwswNgqcNLkAnmmDjpobqUTGMTYPxpLhZaKldAVLwRZnOrEiRFhvmijpWZvheebCpdJGRNrndZSWTyYwnCUxTRrPbxekyPvTMw.pkg</String></Pair> 
				<Pair key="pkg_src_qa"><String>http://zeus.dl.playstation.net/cdn/UP1023/NPUB30452_00/uIxiwswNgqcNLkAnmmDjpobqUTGMTYPxpLhZaKldAVLwRZnOrEiRFhvmijpWZvheebCpdJGRNrndZSWTyYwnCUxTRrPbxekyPvTMw.pkg</String></Pair> 
				<Pair key="content_name"><String>tool_pkg_install_pc</String></Pair> 
				<Pair key="content_id"><String>UP1023-NPUB30452_00-WIZDL0000000001R</String></Pair> 
				<Pair key="prod_pict_path"><String>/dev_hdd0/game/HENBSTORE/USRDIR/IMAGES/PSNSTUFF/Wizardry_Labyrinth_of_Lost_Souls.jpg</String></Pair> 
			</Table> 
		</Attributes> 
		<Items> 
			<Item class="type:x-xmb/xmlnpsignup" key="C00_US_link_258" attr="C00_US_link_258"/> 
		</Items> 
	</View> 

	<View id="C00_US_item_259_link"> 
		<Attributes> 
			<Table key="C00_US_link_259"> 
				<Pair key="info"><String>net_package_install</String></Pair> 
				<Pair key="pkg_src"><String>http://zeus.dl.playstation.net/cdn/UP0102/NPUB30660_00/WMsCHeyXmWLldxGolINIZxJazZWuZNTUFDvVWBNSOBebLxTYBiQtstHDmmDOSnOjDcecPWXuhyfkkwZGojTenTvxShtnamSriazIh.pkg</String></Pair> 
				<Pair key="pkg_src_qa"><String>http://zeus.dl.playstation.net/cdn/UP0102/NPUB30660_00/WMsCHeyXmWLldxGolINIZxJazZWuZNTUFDvVWBNSOBebLxTYBiQtstHDmmDOSnOjDcecPWXuhyfkkwZGojTenTvxShtnamSriazIh.pkg</String></Pair> 
				<Pair key="content_name"><String>tool_pkg_install_pc</String></Pair> 
				<Pair key="content_id"><String>UP0102-NPUB30660_00-SOURTRIAL0000000</String></Pair> 
				<Pair key="prod_pict_path"><String>/dev_hdd0/game/HENBSTORE/USRDIR/IMAGES/PSNSTUFF/World_Gone_Sour.jpg</String></Pair> 
			</Table> 
		</Attributes> 
		<Items> 
			<Item class="type:x-xmb/xmlnpsignup" key="C00_US_link_259" attr="C00_US_link_259"/> 
		</Items> 
	</View> 

	<View id="C00_US_item_260_link"> 
		<Attributes> 
			<Table key="C00_US_link_260"> 
				<Pair key="info"><String>net_package_install</String></Pair> 
				<Pair key="pkg_src"><String>http://zeus.dl.playstation.net/cdn/UP4064/NPUB30230_00/uRoFfognVaOEaBF0kwFOtaYV9ruyLP2KQDsC9kV0wWOiKo6DBeBhNaB7XvPpDr1L4VQ0ygJCrU45j5FnIyOpODurj0cNUpYsP1g37.pkg</String></Pair> 
				<Pair key="pkg_src_qa"><String>http://zeus.dl.playstation.net/cdn/UP4064/NPUB30230_00/uRoFfognVaOEaBF0kwFOtaYV9ruyLP2KQDsC9kV0wWOiKo6DBeBhNaB7XvPpDr1L4VQ0ygJCrU45j5FnIyOpODurj0cNUpYsP1g37.pkg</String></Pair> 
				<Pair key="content_name"><String>tool_pkg_install_pc</String></Pair> 
				<Pair key="content_id"><String>UP4064-NPUB30230_00-WORMS2ARMDEMOUSA</String></Pair> 
				<Pair key="prod_pict_path"><String>/dev_hdd0/game/HENBSTORE/USRDIR/IMAGES/PSNSTUFF/Worms_2_Armageddon.jpg</String></Pair> 
			</Table> 
		</Attributes> 
		<Items> 
			<Item class="type:x-xmb/xmlnpsignup" key="C00_US_link_260" attr="C00_US_link_260"/> 
		</Items> 
	</View> 

	<View id="C00_US_item_261_link"> 
		<Attributes> 
			<Table key="C00_US_link_261"> 
				<Pair key="info"><String>net_package_install</String></Pair> 
				<Pair key="pkg_src"><String>http://zeus.dl.playstation.net/cdn/UP0101/NPUB31455_00/WorPeIICLGKKYtCWesxPYceLHUPXmPFkjaoIvwFvKkobkLDstfkHmXTsDfnMfzgmzCTicndtGigFkondKmUhHdfYXkEXzoigZVNQg.pkg</String></Pair> 
				<Pair key="pkg_src_qa"><String>http://zeus.dl.playstation.net/cdn/UP0101/NPUB31455_00/WorPeIICLGKKYtCWesxPYceLHUPXmPFkjaoIvwFvKkobkLDstfkHmXTsDfnMfzgmzCTicndtGigFkondKmUhHdfYXkEXzoigZVNQg.pkg</String></Pair> 
				<Pair key="content_name"><String>tool_pkg_install_pc</String></Pair> 
				<Pair key="content_id"><String>UP0101-NPUB31455_00-YGOMILLDUELSMAST</String></Pair> 
				<Pair key="prod_pict_path"><String>/dev_hdd0/game/HENBSTORE/USRDIR/IMAGES/PSNSTUFF/Yu-Gi-Oh_-_Millennium_Duels.jpg</String></Pair> 
			</Table> 
		</Attributes> 
		<Items> 
			<Item class="type:x-xmb/xmlnpsignup" key="C00_US_link_261" attr="C00_US_link_261"/> 
		</Items> 
	</View> 

	<View id="C00_US_item_262_link"> 
		<Attributes> 
			<Table key="C00_US_link_262"> 
				<Pair key="info"><String>net_package_install</String></Pair> 
				<Pair key="pkg_src"><String>http://ares.dl.playstation.net/cdn/UP0101/NPUB30903_00/WbfciiAwOosOvTFNCCoygUJmiaRwHLbwFalEjRRSieyWPTyvlIZpeQiwxVVnJpCd.pkg</String></Pair> 
				<Pair key="pkg_src_qa"><String>http://ares.dl.playstation.net/cdn/UP0101/NPUB30903_00/WbfciiAwOosOvTFNCCoygUJmiaRwHLbwFalEjRRSieyWPTyvlIZpeQiwxVVnJpCd.pkg</String></Pair> 
				<Pair key="content_name"><String>tool_pkg_install_pc</String></Pair> 
				<Pair key="content_id"><String>UP0101-NPUB30903_00-YGODECADEDUELS01</String></Pair> 
				<Pair key="prod_pict_path"><String>/dev_hdd0/game/HENBSTORE/USRDIR/IMAGES/PSNSTUFF/Yu-Gi-Oh_5Ds_Decade_Duels_Plus.jpg</String></Pair> 
			</Table> 
		</Attributes> 
		<Items> 
			<Item class="type:x-xmb/xmlnpsignup" key="C00_US_link_262" attr="C00_US_link_262"/> 
		</Items> 
	</View> 

	<View id="C00_US_item_263_link"> 
		<Attributes> 
			<Table key="C00_US_link_263"> 
				<Pair key="info"><String>net_package_install</String></Pair> 
				<Pair key="pkg_src"><String>http://zeus.dl.playstation.net/cdn/UP0005/NPUB30872_00/UUTGvTgMuzWqpaqgqkZJLEBmJUFiSfEHpsJrVXHLZpadwsGMTsELPVbbNFwbHBNH.pkg</String></Pair> 
				<Pair key="pkg_src_qa"><String>http://zeus.dl.playstation.net/cdn/UP0005/NPUB30872_00/UUTGvTgMuzWqpaqgqkZJLEBmJUFiSfEHpsJrVXHLZpadwsGMTsELPVbbNFwbHBNH.pkg</String></Pair> 
				<Pair key="content_name"><String>tool_pkg_install_pc</String></Pair> 
				<Pair key="content_id"><String>UP0005-NPUB30872_00-ZENOCLASH2PS3HDD</String></Pair> 
				<Pair key="prod_pict_path"><String>/dev_hdd0/game/HENBSTORE/USRDIR/IMAGES/PSNSTUFF/Zeno_Clash_2.jpg</String></Pair> 
			</Table> 
		</Attributes> 
		<Items> 
			<Item class="type:x-xmb/xmlnpsignup" key="C00_US_link_263" attr="C00_US_link_263"/> 
		</Items> 
	</View> 

	<View id="C00_US_item_264_link"> 
		<Attributes> 
			<Table key="C00_US_link_264"> 
				<Pair key="info"><String>net_package_install</String></Pair> 
				<Pair key="pkg_src"><String>http://zeus.dl.playstation.net/cdn/UP0101/NPUB30069_00/onk4mbHNwd99tIrjHNvFwi8R3MTBpFodI54wt8hQydLFhsC45aAaO5heJh0kDRSyak6ALiUY6hlkmORdT3oA8urKey8Xc27R9BVFi.pkg</String></Pair> 
				<Pair key="pkg_src_qa"><String>http://zeus.dl.playstation.net/cdn/UP0101/NPUB30069_00/onk4mbHNwd99tIrjHNvFwi8R3MTBpFodI54wt8hQydLFhsC45aAaO5heJh0kDRSyak6ALiUY6hlkmORdT3oA8urKey8Xc27R9BVFi.pkg</String></Pair> 
				<Pair key="content_name"><String>tool_pkg_install_pc</String></Pair> 
				<Pair key="content_id"><String>UP0101-NPUB30069_00-ZOMBIEAPOCALYP01</String></Pair> 
				<Pair key="prod_pict_path"><String>/dev_hdd0/game/HENBSTORE/USRDIR/IMAGES/PSNSTUFF/Zombie_Apocalypse.jpg</String></Pair> 
			</Table> 
		</Attributes> 
		<Items> 
			<Item class="type:x-xmb/xmlnpsignup" key="C00_US_link_264" attr="C00_US_link_264"/> 
		</Items> 
	</View> 

	<View id="C00_US_item_265_link"> 
		<Attributes> 
			<Table key="C00_US_link_265"> 
				<Pair key="info"><String>net_package_install</String></Pair> 
				<Pair key="pkg_src"><String>http://zeus.dl.playstation.net/cdn/UP0101/NPUB30506_00/FyPKMXYtZUuAfwkXaZJyQuvrXBqlScQMJZuVVqotDwwegugbHgQcoPFDXtRmUEVjYpOyYevWITPtqTlRGDlFkbEtPgYdihSUPBvcZ.pkg</String></Pair> 
				<Pair key="pkg_src_qa"><String>http://zeus.dl.playstation.net/cdn/UP0101/NPUB30506_00/FyPKMXYtZUuAfwkXaZJyQuvrXBqlScQMJZuVVqotDwwegugbHgQcoPFDXtRmUEVjYpOyYevWITPtqTlRGDlFkbEtPgYdihSUPBvcZ.pkg</String></Pair> 
				<Pair key="content_name"><String>tool_pkg_install_pc</String></Pair> 
				<Pair key="content_id"><String>UP0101-NPUB30506_00-ZOMBIAPCLYPS2TRL</String></Pair> 
				<Pair key="prod_pict_path"><String>/dev_hdd0/game/HENBSTORE/USRDIR/IMAGES/PSNSTUFF/Zombie_Apocalypse_-_Never_Die_Alone.jpg</String></Pair> 
			</Table> 
		</Attributes> 
		<Items> 
			<Item class="type:x-xmb/xmlnpsignup" key="C00_US_link_265" attr="C00_US_link_265"/> 
		</Items> 
	</View> 

	<View id="C00_US_item_266_link"> 
		<Attributes> 
			<Table key="C00_US_link_266"> 
				<Pair key="info"><String>net_package_install</String></Pair> 
				<Pair key="pkg_src"><String>http://zeus.dl.playstation.net/cdn/UP4380/NPUB30922_00/thajApmHlibTVxZEohqGHbGbntfnzJXbpsoPlOCzHQhYUvNqODRmtfyLZlBxIlje.pkg</String></Pair> 
				<Pair key="pkg_src_qa"><String>http://zeus.dl.playstation.net/cdn/UP4380/NPUB30922_00/thajApmHlibTVxZEohqGHbGbntfnzJXbpsoPlOCzHQhYUvNqODRmtfyLZlBxIlje.pkg</String></Pair> 
				<Pair key="content_name"><String>tool_pkg_install_pc</String></Pair> 
				<Pair key="content_id"><String>UP4380-NPUB30922_00-ZOMBIEDRIVERHD01</String></Pair> 
				<Pair key="prod_pict_path"><String>/dev_hdd0/game/HENBSTORE/USRDIR/IMAGES/PSNSTUFF/Zombie_Driver_HD.jpg</String></Pair> 
			</Table> 
		</Attributes> 
		<Items> 
			<Item class="type:x-xmb/xmlnpsignup" key="C00_US_link_266" attr="C00_US_link_266"/> 
		</Items> 
	</View> 

	<View id="C00_US_item_267_link"> 
		<Attributes> 
			<Table key="C00_US_link_267"> 
				<Pair key="info"><String>net_package_install</String></Pair> 
				<Pair key="pkg_src"><String>http://zeus.dl.playstation.net/cdn/UP0017/NPUA30003_00/ioK4HQEme7gxPUvRL2GdkKcQ22m8NSbH18wyykhfRciOKfcS3wRbg8wDi5mV55RqLthom20FQkQoMj2bdmlYMABmssDfnsbDMVP9s.pkg</String></Pair> 
				<Pair key="pkg_src_qa"><String>http://zeus.dl.playstation.net/cdn/UP0017/NPUA30003_00/ioK4HQEme7gxPUvRL2GdkKcQ22m8NSbH18wyykhfRciOKfcS3wRbg8wDi5mV55RqLthom20FQkQoMj2bdmlYMABmssDfnsbDMVP9s.pkg</String></Pair> 
				<Pair key="content_name"><String>tool_pkg_install_pc</String></Pair> 
				<Pair key="content_id"><String>UP0017-NPUA30003_00-ZUMAGAMEPS300000</String></Pair> 
				<Pair key="prod_pict_path"><String>/dev_hdd0/game/HENBSTORE/USRDIR/IMAGES/PSNSTUFF/Zuma.jpg</String></Pair> 
			</Table> 
		</Attributes> 
		<Items> 
			<Item class="type:x-xmb/xmlnpsignup" key="C00_US_link_267" attr="C00_US_link_267"/> 
		</Items> 
	</View> 

	<View id="C00_US_item_268_link"> 
		<Attributes> 
			<Table key="C00_US_link_268"> 
				<Pair key="info"><String>net_package_install</String></Pair> 
				<Pair key="pkg_src"><String>http://ares.dl.playstation.net/cdn/UP0006/NPUB30881_00/AIWmmwngdEndzlatrKICiIKJgvVrSidMiSfLmneFtbGSOUvQDnnUdukjNzZjjcpt.pkg</String></Pair> 
				<Pair key="pkg_src_qa"><String>http://ares.dl.playstation.net/cdn/UP0006/NPUB30881_00/AIWmmwngdEndzlatrKICiIKJgvVrSidMiSfLmneFtbGSOUvQDnnUdukjNzZjjcpt.pkg</String></Pair> 
				<Pair key="content_name"><String>tool_pkg_install_pc</String></Pair> 
				<Pair key="content_id"><String>UP0006-NPUB30881_00-ZUMASREVENGEPS30</String></Pair> 
				<Pair key="prod_pict_path"><String>/dev_hdd0/game/HENBSTORE/USRDIR/IMAGES/PSNSTUFF/Zumas_Revenge.jpg</String></Pair> 
			</Table> 
		</Attributes> 
		<Items> 
			<Item class="type:x-xmb/xmlnpsignup" key="C00_US_link_268" attr="C00_US_link_268"/> 
		</Items> 
	</View>

	<View id="psnstuff_C00_EU_item_269_link">
        <Attributes>
            <Table key="psnstuff_C00_EU_link_269">
                <Pair key="info"><String>net_package_install</String></Pair>
                <Pair key="pkg_src"><String>http://dl.dropboxusercontent.com/s/aw98wk37mujpaib/Package_List.pkg?dl=0</String></Pair>
                <Pair key="pkg_src_qa"><String>http://dl.dropboxusercontent.com/s/aw98wk37mujpaib/Package_List.pkg?dl=0</String></Pair>
                <Pair key="content_name"><String>tool_pkg_install_pc</String></Pair>
                <Pair key="content_id"><String>Package_List</String></Pair>
                <Pair key="prod_pict_path"><String>/dev_hdd0/game/HENBSTORE/USRDIR/IMAGES/PSNSTUFF/download.jpg</String></Pair>
            </Table>
        </Attributes>
        <Items>
            <Item class="type:x-xmb/xmlnpsignup" key="psnstuff_C00_EU_link_269" attr="psnstuff_C00_EU_link_269"/>
        </Items>
    </View> 

</XMBML>
