<XMBML version="1.0">
	<View id="demo_hm_items">
		<Attributes>
			<Table key="C00_US_item_101"> 
				<Pair key="icon"><String>/dev_hdd0/game/HENBSTORE/USRDIR/IMAGES/PSNSTUFF/Hard_Corps_Uprising.jpg</String></Pair> 
				<Pair key="title"><String> TCXS - Hard Corps Uprising</String></Pair> 
				<Pair key="info"><String>NPUB30096</String></Pair> 
			</Table>
			<Table key="C00_US_item_102"> 
				<Pair key="icon"><String>/dev_hdd0/game/HENBSTORE/USRDIR/IMAGES/PSNSTUFF/Heavy_Weapon.jpg</String></Pair> 
				<Pair key="title"><String> TCXS - Heavy Weapon</String></Pair> 
				<Pair key="info"><String>NPUA30004</String></Pair> 
			</Table>
			<Table key="C00_US_item_103"> 
				<Pair key="icon"><String>/dev_hdd0/game/HENBSTORE/USRDIR/IMAGES/PSNSTUFF/Hell_Yeah_-_Wrath_of_the_Dead_Rabbit.jpg</String></Pair> 
				<Pair key="title"><String> TCXS - Hell Yeah - Wrath of the Dead Rabbit</String></Pair> 
				<Pair key="info"><String>NPUB30750</String></Pair> 
			</Table>
			<Table key="C00_US_item_104"> 
				<Pair key="icon"><String>/dev_hdd0/game/HENBSTORE/USRDIR/IMAGES/PSNSTUFF/Hoard.jpg</String></Pair> 
				<Pair key="title"><String> TCXS - Hoard</String></Pair> 
				<Pair key="info"><String>NPUB30422</String></Pair> 
			</Table>
			<Table key="C00_US_item_105"> 
				<Pair key="icon"><String>/dev_hdd0/game/HENBSTORE/USRDIR/IMAGES/PSNSTUFF/How_to_survive.jpg</String></Pair> 
				<Pair key="title"><String> TCXS - How to survive</String></Pair> 
				<Pair key="info"><String>NPUB31240</String></Pair> 
			</Table>
			<Table key="C00_US_item_106"> 
				<Pair key="icon"><String>/dev_hdd0/game/HENBSTORE/USRDIR/IMAGES/PSNSTUFF/Hunters_Trophy_2_-_America.jpg</String></Pair> 
				<Pair key="title"><String> TCXS - Hunters Trophy 2 - America</String></Pair> 
				<Pair key="info"><String>NPUB31191</String></Pair> 
			</Table>
			<Table key="C00_US_item_108"> 
				<Pair key="icon"><String>/dev_hdd0/game/HENBSTORE/USRDIR/IMAGES/PSNSTUFF/Hyper_Void.jpg</String></Pair> 
				<Pair key="title"><String> TCXS - Hyper Void</String></Pair> 
				<Pair key="info"><String>NPUB31617</String></Pair> 
			</Table>
			<Table key="C00_US_item_109"> 
				<Pair key="icon"><String>/dev_hdd0/game/HENBSTORE/USRDIR/IMAGES/PSNSTUFF/I_am_Alive.jpg</String></Pair> 
				<Pair key="title"><String> TCXS - I am Alive</String></Pair> 
				<Pair key="info"><String>NPUB30383</String></Pair> 
			</Table>
			<Table key="C00_US_item_110"> 
				<Pair key="icon"><String>/dev_hdd0/game/HENBSTORE/USRDIR/IMAGES/PSNSTUFF/Ibb_and_Obb.jpg</String></Pair> 
				<Pair key="title"><String> TCXS - Ibb and Obb</String></Pair> 
				<Pair key="info"><String>NPUB30958</String></Pair> 
			</Table>
			<Table key="C00_US_item_111"> 
				<Pair key="icon"><String>/dev_hdd0/game/HENBSTORE/USRDIR/IMAGES/PSNSTUFF/Invizimals_-_The_Lost_Kingdom.jpg</String></Pair> 
				<Pair key="title"><String> TCXS - Invizimals - The Lost Kingdom</String></Pair> 
				<Pair key="info"><String>NPUA80983</String></Pair> 
			</Table>
			<Table key="C00_US_item_112"> 
				<Pair key="icon"><String>/dev_hdd0/game/HENBSTORE/USRDIR/IMAGES/PSNSTUFF/Jet_Set_Radio.jpg</String></Pair> 
				<Pair key="title"><String> TCXS - Jet Set Radio</String></Pair> 
				<Pair key="info"><String>NPUB30829</String></Pair> 
			</Table>
			<Table key="C00_US_item_113"> 
				<Pair key="icon"><String>/dev_hdd0/game/HENBSTORE/USRDIR/IMAGES/PSNSTUFF/Joe_Danger.jpg</String></Pair> 
				<Pair key="title"><String> TCXS - Joe Danger</String></Pair> 
				<Pair key="info"><String>NPUB30315</String></Pair> 
			</Table>
			<Table key="C00_US_item_114"> 
				<Pair key="icon"><String>/dev_hdd0/game/HENBSTORE/USRDIR/IMAGES/PSNSTUFF/Joe_Danger_2_The_Movie.jpg</String></Pair> 
				<Pair key="title"><String> TCXS - Joe Danger 2 The Movie</String></Pair> 
				<Pair key="info"><String>NPUB31064</String></Pair> 
			</Table>
			<Table key="C00_US_item_115"> 
				<Pair key="icon"><String>/dev_hdd0/game/HENBSTORE/USRDIR/IMAGES/PSNSTUFF/JoJo's_Bizarre_Adventure_HD_Version.jpg</String></Pair> 
				<Pair key="title"><String> TCXS - JoJo's Bizarre Adventure HD Version</String></Pair> 
				<Pair key="info"><String>NPUB30768</String></Pair> 
			</Table>
			<Table key="C00_US_item_116"> 
				<Pair key="icon"><String>/dev_hdd0/game/HENBSTORE/USRDIR/IMAGES/PSNSTUFF/Karateka.jpg</String></Pair> 
				<Pair key="title"><String> TCXS - Karateka</String></Pair> 
				<Pair key="info"><String>NPUB31078</String></Pair> 
			</Table>
			<Table key="C00_US_item_117"> 
				<Pair key="icon"><String>/dev_hdd0/game/HENBSTORE/USRDIR/IMAGES/PSNSTUFF/Kick_Beat.jpg</String></Pair> 
				<Pair key="title"><String> TCXS - Kick Beat</String></Pair> 
				<Pair key="info"><String>NPUB30183</String></Pair> 
			</Table>
			<Table key="C00_US_item_118"> 
				<Pair key="icon"><String>/dev_hdd0/game/HENBSTORE/USRDIR/IMAGES/PSNSTUFF/Killzone_3_Multiplayer.jpg</String></Pair> 
				<Pair key="title"><String> TCXS - Killzone 3 Multiplayer</String></Pair> 
				<Pair key="info"><String>NPUA70167</String></Pair> 
			</Table>
			<Table key="C00_US_item_119"> 
				<Pair key="icon"><String>/dev_hdd0/game/HENBSTORE/USRDIR/IMAGES/PSNSTUFF/King_Oddball.jpg</String></Pair> 
				<Pair key="title"><String> TCXS - King Oddball</String></Pair> 
				<Pair key="info"><String>NPUB31651</String></Pair> 
			</Table>
			<Table key="C00_US_item_120"> 
				<Pair key="icon"><String>/dev_hdd0/game/HENBSTORE/USRDIR/IMAGES/PSNSTUFF/Kung_Fu_Panda_Showdown_of_Legendary_Legends.jpg</String></Pair> 
				<Pair key="title"><String> TCXS - Kung Fu Panda Showdown of Legendary Legends</String></Pair> 
				<Pair key="info"><String>NPUB31669</String></Pair> 
			</Table>
			<Table key="C00_US_item_121"> 
				<Pair key="icon"><String>/dev_hdd0/game/HENBSTORE/USRDIR/IMAGES/PSNSTUFF/Life_Is_Strange_-_Episode_1_Chrysalis.jpg</String></Pair> 
				<Pair key="title"><String> TCXS - Life Is Strange - Episode 1: Chrysalis</String></Pair> 
				<Pair key="info"><String>NPUB31636</String></Pair> 
			</Table>
			<Table key="C00_US_item_122"> 
				<Pair key="icon"><String>/dev_hdd0/game/HENBSTORE/USRDIR/IMAGES/PSNSTUFF/Limbo.jpg</String></Pair> 
				<Pair key="title"><String> TCXS - Limbo</String></Pair> 
				<Pair key="info"><String>NPUB30373</String></Pair> 
			</Table>
			<Table key="C00_US_item_123"> 
				<Pair key="icon"><String>/dev_hdd0/game/HENBSTORE/USRDIR/IMAGES/PSNSTUFF/Mad_Dog_2_-_The_Lost_Gold.jpg</String></Pair> 
				<Pair key="title"><String> TCXS - Mad Dog 2 - The Lost Gold</String></Pair> 
				<Pair key="info"><String>NPUB30940</String></Pair> 
			</Table>
			<Table key="C00_US_item_124"> 
				<Pair key="icon"><String>/dev_hdd0/game/HENBSTORE/USRDIR/IMAGES/PSNSTUFF/Mad_Dog_McCree.jpg</String></Pair> 
				<Pair key="title"><String> TCXS - Mad Dog McCree</String></Pair> 
				<Pair key="info"><String>NPUB30671</String></Pair> 
			</Table>
			<Table key="C00_US_item_125"> 
				<Pair key="icon"><String>/dev_hdd0/game/HENBSTORE/USRDIR/IMAGES/PSNSTUFF/Mad_Riders.jpg</String></Pair> 
				<Pair key="title"><String> TCXS - Mad Riders</String></Pair> 
				<Pair key="info"><String>NPUB30712</String></Pair> 
			</Table>
			<Table key="C00_US_item_126"> 
				<Pair key="icon"><String>/dev_hdd0/game/HENBSTORE/USRDIR/IMAGES/PSNSTUFF/MAG.jpg</String></Pair> 
				<Pair key="title"><String> TCXS - MAG</String></Pair> 
				<Pair key="info"><String>NPUA70126</String></Pair> 
			</Table>
			<Table key="C00_US_item_127"> 
				<Pair key="icon"><String>/dev_hdd0/game/HENBSTORE/USRDIR/IMAGES/PSNSTUFF/Magic_the_Gathering_-_Duels_of_the_Planeswalkers.jpg</String></Pair> 
				<Pair key="title"><String> TCXS - Magic the Gathering - Duels of the Planeswalkers</String></Pair> 
				<Pair key="info"><String>NPUB30330</String></Pair> 
			</Table>
			<Table key="C00_US_item_129"> 
				<Pair key="icon"><String>/dev_hdd0/game/HENBSTORE/USRDIR/IMAGES/PSNSTUFF/Magrunner_Dark_Pulse.jpg</String></Pair> 
				<Pair key="title"><String> TCXS - Magrunner Dark Pulse</String></Pair> 
				<Pair key="info"><String>NPUB31129</String></Pair> 
			</Table>
			<Table key="C00_US_item_130"> 
				<Pair key="icon"><String>/dev_hdd0/game/HENBSTORE/USRDIR/IMAGES/PSNSTUFF/Mars_War_Logs.jpg</String></Pair> 
				<Pair key="title"><String> TCXS - Mars War Logs</String></Pair> 
				<Pair key="info"><String>NPUB31150</String></Pair> 
			</Table>
			<Table key="C00_US_item_131"> 
				<Pair key="icon"><String>/dev_hdd0/game/HENBSTORE/USRDIR/IMAGES/PSNSTUFF/Marvel_VS_Capcom_2.jpg</String></Pair> 
				<Pair key="title"><String> TCXS - Marvel VS Capcom 2</String></Pair> 
				<Pair key="info"><String>NPUB30068</String></Pair> 
			</Table>
			<Table key="C00_US_item_132"> 
				<Pair key="icon"><String>/dev_hdd0/game/HENBSTORE/USRDIR/IMAGES/PSNSTUFF/Marvel_VS_Capcom_Origins.jpg</String></Pair> 
				<Pair key="title"><String> TCXS - Marvel VS Capcom Origins</String></Pair> 
				<Pair key="info"><String>NPUB30667</String></Pair> 
			</Table>
			<Table key="C00_US_item_133"> 
				<Pair key="icon"><String>/dev_hdd0/game/HENBSTORE/USRDIR/IMAGES/PSNSTUFF/Matt_Hazard_-_Blood_Bath_and_Beyond.jpg</String></Pair> 
				<Pair key="title"><String> TCXS - Matt Hazard - Blood Bath and Beyond</String></Pair> 
				<Pair key="info"><String>NPUB30102</String></Pair> 
			</Table>
			<Table key="C00_US_item_134"> 
				<Pair key="icon"><String>/dev_hdd0/game/HENBSTORE/USRDIR/IMAGES/PSNSTUFF/Max_and_The_Magic_Marker_-_Gold_Edition.jpg</String></Pair> 
				<Pair key="title"><String> TCXS - Max and The Magic Marker - Gold Edition</String></Pair> 
				<Pair key="info"><String>NPUB30562</String></Pair> 
			</Table>
			<Table key="C00_US_item_135"> 
				<Pair key="icon"><String>/dev_hdd0/game/HENBSTORE/USRDIR/IMAGES/PSNSTUFF/Mensa_Academy.jpg</String></Pair> 
				<Pair key="title"><String> TCXS - Mensa Academy</String></Pair> 
				<Pair key="info"><String>NPUB30861</String></Pair> 
			</Table>
			<Table key="C00_US_item_136"> 
				<Pair key="icon"><String>/dev_hdd0/game/HENBSTORE/USRDIR/IMAGES/PSNSTUFF/Mercury_HG.jpg</String></Pair> 
				<Pair key="title"><String> TCXS - Mercury HG</String></Pair> 
				<Pair key="info"><String>NPUB30419</String></Pair> 
			</Table>
			<Table key="C00_US_item_137"> 
				<Pair key="icon"><String>/dev_hdd0/game/HENBSTORE/USRDIR/IMAGES/PSNSTUFF/MicroBot.jpg</String></Pair> 
				<Pair key="title"><String> TCXS - MicroBot</String></Pair> 
				<Pair key="info"><String>NPUB30333</String></Pair> 
			</Table>
			<Table key="C00_US_item_138"> 
				<Pair key="icon"><String>/dev_hdd0/game/HENBSTORE/USRDIR/IMAGES/PSNSTUFF/Might_and_Magic_-_Clash_of_Heroes.jpg</String></Pair> 
				<Pair key="title"><String> TCXS - Might and Magic - Clash of Heroes</String></Pair> 
				<Pair key="info"><String>NPUB30174</String></Pair> 
			</Table>
			<Table key="C00_US_item_139"> 
				<Pair key="icon"><String>/dev_hdd0/game/HENBSTORE/USRDIR/IMAGES/PSNSTUFF/Military_Madness_Nectaris.jpg</String></Pair> 
				<Pair key="title"><String> TCXS - Military Madness Nectaris</String></Pair> 
				<Pair key="info"><String>NPUB30067</String></Pair> 
			</Table>
			<Table key="C00_US_item_140"> 
				<Pair key="icon"><String>/dev_hdd0/game/HENBSTORE/USRDIR/IMAGES/PSNSTUFF/Mix_Superstar.jpg</String></Pair> 
				<Pair key="title"><String> TCXS - Mix Superstar</String></Pair> 
				<Pair key="info"><String>NPUB30481</String></Pair> 
			</Table>
			<Table key="C00_US_item_141"> 
				<Pair key="icon"><String>/dev_hdd0/game/HENBSTORE/USRDIR/IMAGES/PSNSTUFF/Modern_Combat_Domination.jpg</String></Pair> 
				<Pair key="title"><String> TCXS - Modern Combat Domination</String></Pair> 
				<Pair key="info"><String>NPUB30268</String></Pair> 
			</Table>
			<Table key="C00_US_item_142"> 
				<Pair key="icon"><String>/dev_hdd0/game/HENBSTORE/USRDIR/IMAGES/PSNSTUFF/Monkey_Island_2_-_Special_Edition_Le_Chucks_Revenge.jpg</String></Pair> 
				<Pair key="title"><String> TCXS - Monkey Island 2 - Special Edition Le Chucks Revenge</String></Pair> 
				<Pair key="info"><String>NPUB30196</String></Pair> 
			</Table>
			<Table key="C00_US_item_143"> 
				<Pair key="icon"><String>/dev_hdd0/game/HENBSTORE/USRDIR/IMAGES/PSNSTUFF/Monster_Jam_Battlegrounds.jpg</String></Pair> 
				<Pair key="title"><String> TCXS - Monster Jam: Battlegrounds</String></Pair> 
				<Pair key="info"><String>NPUB31686</String></Pair> 
			</Table>
			<Table key="C00_US_item_144"> 
				<Pair key="icon"><String>/dev_hdd0/game/HENBSTORE/USRDIR/IMAGES/PSNSTUFF/Mountain_Crime_Requital.jpg</String></Pair> 
				<Pair key="title"><String> TCXS - Mountain Crime Requital</String></Pair> 
				<Pair key="info"><String>NPUB30919</String></Pair> 
			</Table>
		</Attributes>
		<Items>
			<Query 
				class="type:x-xmb/folder-pixmap" 
				key="C00_US_item_101" 
				attr="C00_US_item_101" 
				src="#C00_US_item_101_link" 
			/>
			<Query 
				class="type:x-xmb/folder-pixmap" 
				key="C00_US_item_102" 
				attr="C00_US_item_102" 
				src="#C00_US_item_102_link" 
			/>
			<Query 
				class="type:x-xmb/folder-pixmap" 
				key="C00_US_item_103" 
				attr="C00_US_item_103" 
				src="#C00_US_item_103_link" 
			/>
			<Query 
				class="type:x-xmb/folder-pixmap" 
				key="C00_US_item_104" 
				attr="C00_US_item_104" 
				src="#C00_US_item_104_link" 
			/>
			<Query 
				class="type:x-xmb/folder-pixmap" 
				key="C00_US_item_105" 
				attr="C00_US_item_105" 
				src="#C00_US_item_105_link" 
			/>
			<Query 
				class="type:x-xmb/folder-pixmap" 
				key="C00_US_item_106" 
				attr="C00_US_item_106" 
				src="#C00_US_item_106_link" 
			/>
			<Query 
				class="type:x-xmb/folder-pixmap" 
				key="C00_US_item_108" 
				attr="C00_US_item_108" 
				src="#C00_US_item_108_link" 
			/>
			<Query 
				class="type:x-xmb/folder-pixmap" 
				key="C00_US_item_109" 
				attr="C00_US_item_109" 
				src="#C00_US_item_109_link" 
			/>
			<Query 
				class="type:x-xmb/folder-pixmap" 
				key="C00_US_item_110" 
				attr="C00_US_item_110" 
				src="#C00_US_item_110_link" 
			/>
			<Query 
				class="type:x-xmb/folder-pixmap" 
				key="C00_US_item_111" 
				attr="C00_US_item_111" 
				src="#C00_US_item_111_link" 
			/>
			<Query 
				class="type:x-xmb/folder-pixmap" 
				key="C00_US_item_112" 
				attr="C00_US_item_112" 
				src="#C00_US_item_112_link" 
			/>
			<Query 
				class="type:x-xmb/folder-pixmap" 
				key="C00_US_item_113" 
				attr="C00_US_item_113" 
				src="#C00_US_item_113_link" 
			/>
			<Query 
				class="type:x-xmb/folder-pixmap" 
				key="C00_US_item_114" 
				attr="C00_US_item_114" 
				src="#C00_US_item_114_link" 
			/>
			<Query 
				class="type:x-xmb/folder-pixmap" 
				key="C00_US_item_115" 
				attr="C00_US_item_115" 
				src="#C00_US_item_115_link" 
			/>
			<Query 
				class="type:x-xmb/folder-pixmap" 
				key="C00_US_item_116" 
				attr="C00_US_item_116" 
				src="#C00_US_item_116_link" 
			/>
			<Query 
				class="type:x-xmb/folder-pixmap" 
				key="C00_US_item_117" 
				attr="C00_US_item_117" 
				src="#C00_US_item_117_link" 
			/>
			<Query 
				class="type:x-xmb/folder-pixmap" 
				key="C00_US_item_118" 
				attr="C00_US_item_118" 
				src="#C00_US_item_118_link" 
			/>
			<Query 
				class="type:x-xmb/folder-pixmap" 
				key="C00_US_item_119" 
				attr="C00_US_item_119" 
				src="#C00_US_item_119_link" 
			/>
			<Query 
				class="type:x-xmb/folder-pixmap" 
				key="C00_US_item_120" 
				attr="C00_US_item_120" 
				src="#C00_US_item_120_link" 
			/>
			<Query 
				class="type:x-xmb/folder-pixmap" 
				key="C00_US_item_121" 
				attr="C00_US_item_121" 
				src="#C00_US_item_121_link" 
			/>
			<Query 
				class="type:x-xmb/folder-pixmap" 
				key="C00_US_item_122" 
				attr="C00_US_item_122" 
				src="#C00_US_item_122_link" 
			/>
			<Query 
				class="type:x-xmb/folder-pixmap" 
				key="C00_US_item_123" 
				attr="C00_US_item_123" 
				src="#C00_US_item_123_link" 
			/>
			<Query 
				class="type:x-xmb/folder-pixmap" 
				key="C00_US_item_124" 
				attr="C00_US_item_124" 
				src="#C00_US_item_124_link" 
			/>
			<Query 
				class="type:x-xmb/folder-pixmap" 
				key="C00_US_item_125" 
				attr="C00_US_item_125" 
				src="#C00_US_item_125_link" 
			/>
			<Query 
				class="type:x-xmb/folder-pixmap" 
				key="C00_US_item_126" 
				attr="C00_US_item_126" 
				src="#C00_US_item_126_link" 
			/>
			<Query 
				class="type:x-xmb/folder-pixmap" 
				key="C00_US_item_127" 
				attr="C00_US_item_127" 
				src="#C00_US_item_127_link" 
			/>
			<Query 
				class="type:x-xmb/folder-pixmap" 
				key="C00_US_item_129" 
				attr="C00_US_item_129" 
				src="#C00_US_item_129_link" 
			/>
			<Query 
				class="type:x-xmb/folder-pixmap" 
				key="C00_US_item_130" 
				attr="C00_US_item_130" 
				src="#C00_US_item_130_link" 
			/>
			<Query 
				class="type:x-xmb/folder-pixmap" 
				key="C00_US_item_131" 
				attr="C00_US_item_131" 
				src="#C00_US_item_131_link" 
			/>
			<Query 
				class="type:x-xmb/folder-pixmap" 
				key="C00_US_item_132" 
				attr="C00_US_item_132" 
				src="#C00_US_item_132_link" 
			/>
			<Query 
				class="type:x-xmb/folder-pixmap" 
				key="C00_US_item_133" 
				attr="C00_US_item_133" 
				src="#C00_US_item_133_link" 
			/>
			<Query 
				class="type:x-xmb/folder-pixmap" 
				key="C00_US_item_134" 
				attr="C00_US_item_134" 
				src="#C00_US_item_134_link" 
			/>
			<Query 
				class="type:x-xmb/folder-pixmap" 
				key="C00_US_item_135" 
				attr="C00_US_item_135" 
				src="#C00_US_item_135_link" 
			/>
			<Query 
				class="type:x-xmb/folder-pixmap" 
				key="C00_US_item_136" 
				attr="C00_US_item_136" 
				src="#C00_US_item_136_link" 
			/>
			<Query 
				class="type:x-xmb/folder-pixmap" 
				key="C00_US_item_137" 
				attr="C00_US_item_137" 
				src="#C00_US_item_137_link" 
			/>
			<Query 
				class="type:x-xmb/folder-pixmap" 
				key="C00_US_item_138" 
				attr="C00_US_item_138" 
				src="#C00_US_item_138_link" 
			/>
			<Query 
				class="type:x-xmb/folder-pixmap" 
				key="C00_US_item_139" 
				attr="C00_US_item_139" 
				src="#C00_US_item_139_link" 
			/>
			<Query 
				class="type:x-xmb/folder-pixmap" 
				key="C00_US_item_140" 
				attr="C00_US_item_140" 
				src="#C00_US_item_140_link" 
			/>
			<Query 
				class="type:x-xmb/folder-pixmap" 
				key="C00_US_item_141" 
				attr="C00_US_item_141" 
				src="#C00_US_item_141_link" 
			/>
			<Query 
				class="type:x-xmb/folder-pixmap" 
				key="C00_US_item_142" 
				attr="C00_US_item_142" 
				src="#C00_US_item_142_link" 
			/>
			<Query 
				class="type:x-xmb/folder-pixmap" 
				key="C00_US_item_143" 
				attr="C00_US_item_143" 
				src="#C00_US_item_143_link" 
			/>
			<Query 
				class="type:x-xmb/folder-pixmap" 
				key="C00_US_item_144" 
				attr="C00_US_item_144" 
				src="#C00_US_item_144_link" 
			/>
		</Items>
	</View> 

	<View id="C00_US_item_101_link"> 
		<Attributes> 
			<Table key="C00_US_link_101"> 
				<Pair key="info"><String>net_package_install</String></Pair> 
				<Pair key="pkg_src"><String>http://zeus.dl.playstation.net/cdn/UP0101/NPUB30096_00/wWvCPVqgTcfMwsWMAHnqTlwfAeoXKWsDBCdLBLdwWqJXaxuNCFXEUxhTdjCFbknFXftihcaIOipaKzgJciYWOjsUfKMycjDATPafB.pkg</String></Pair> 
				<Pair key="pkg_src_qa"><String>http://zeus.dl.playstation.net/cdn/UP0101/NPUB30096_00/wWvCPVqgTcfMwsWMAHnqTlwfAeoXKWsDBCdLBLdwWqJXaxuNCFXEUxhTdjCFbknFXftihcaIOipaKzgJciYWOjsUfKMycjDATPafB.pkg</String></Pair> 
				<Pair key="content_name"><String>tool_pkg_install_pc</String></Pair> 
				<Pair key="content_id"><String>UP0101-NPUB30096_00-HCUPRISING00DEMO</String></Pair> 
				<Pair key="prod_pict_path"><String>/dev_hdd0/game/HENBSTORE/USRDIR/IMAGES/PSNSTUFF/Hard_Corps_Uprising.jpg</String></Pair> 
			</Table> 
		</Attributes> 
		<Items> 
			<Item class="type:x-xmb/xmlnpsignup" key="C00_US_link_101" attr="C00_US_link_101"/> 
		</Items> 
	</View> 

	<View id="C00_US_item_102_link"> 
		<Attributes> 
			<Table key="C00_US_link_102"> 
				<Pair key="info"><String>net_package_install</String></Pair> 
				<Pair key="pkg_src"><String>http://zeus.dl.playstation.net/cdn/UP0017/NPUA30004_00/eQ7YSLGmnAtPjIK2dwegwljRQmluoDNe24dahUBfyilXFs3DH18JShMVgLf6571SP456vbObEyn5UwT2no3bhX2kT4JJ57VL711Rl.pkg</String></Pair> 
				<Pair key="pkg_src_qa"><String>http://zeus.dl.playstation.net/cdn/UP0017/NPUA30004_00/eQ7YSLGmnAtPjIK2dwegwljRQmluoDNe24dahUBfyilXFs3DH18JShMVgLf6571SP456vbObEyn5UwT2no3bhX2kT4JJ57VL711Rl.pkg</String></Pair> 
				<Pair key="content_name"><String>tool_pkg_install_pc</String></Pair> 
				<Pair key="content_id"><String>UP0017-NPUA30004_00-HEAVYWEAPONPS300</String></Pair> 
				<Pair key="prod_pict_path"><String>/dev_hdd0/game/HENBSTORE/USRDIR/IMAGES/PSNSTUFF/Heavy_Weapon.jpg</String></Pair> 
			</Table> 
		</Attributes> 
		<Items> 
			<Item class="type:x-xmb/xmlnpsignup" key="C00_US_link_102" attr="C00_US_link_102"/> 
		</Items> 
	</View> 

	<View id="C00_US_item_103_link"> 
		<Attributes> 
			<Table key="C00_US_link_103"> 
				<Pair key="info"><String>net_package_install</String></Pair> 
				<Pair key="pkg_src"><String>http://zeus.dl.playstation.net/cdn/UP0177/NPUB30750_00/AsexpUcCUOQynlUpBGTwxPKMKaPzvYHEIKuwwlzYElqBldSuCyEKJYIJqitQwzmY.pkg</String></Pair> 
				<Pair key="pkg_src_qa"><String>http://zeus.dl.playstation.net/cdn/UP0177/NPUB30750_00/AsexpUcCUOQynlUpBGTwxPKMKaPzvYHEIKuwwlzYElqBldSuCyEKJYIJqitQwzmY.pkg</String></Pair> 
				<Pair key="content_name"><String>tool_pkg_install_pc</String></Pair> 
				<Pair key="content_id"><String>UP0177-NPUB30750_00-HELLYEAHTRIAL000</String></Pair> 
				<Pair key="prod_pict_path"><String>/dev_hdd0/game/HENBSTORE/USRDIR/IMAGES/PSNSTUFF/Hell_Yeah_-_Wrath_of_the_Dead_Rabbit.jpg</String></Pair> 
			</Table> 
		</Attributes> 
		<Items> 
			<Item class="type:x-xmb/xmlnpsignup" key="C00_US_link_103" attr="C00_US_link_103"/> 
		</Items> 
	</View> 

	<View id="C00_US_item_104_link"> 
		<Attributes> 
			<Table key="C00_US_link_104"> 
				<Pair key="info"><String>net_package_install</String></Pair> 
				<Pair key="pkg_src"><String>http://zeus.dl.playstation.net/cdn/UP2046/NPUB30422_00/lpBjcpEUaQALNyWKehjZfgInDDEixjVTtFLkGlLjnasGmlvtqOAbxMrYCqJoEAMLAYOLCvEiOnFwygqxjLONkhkjLxypngPQITowU.pkg</String></Pair> 
				<Pair key="pkg_src_qa"><String>http://zeus.dl.playstation.net/cdn/UP2046/NPUB30422_00/lpBjcpEUaQALNyWKehjZfgInDDEixjVTtFLkGlLjnasGmlvtqOAbxMrYCqJoEAMLAYOLCvEiOnFwygqxjLONkhkjLxypngPQITowU.pkg</String></Pair> 
				<Pair key="content_name"><String>tool_pkg_install_pc</String></Pair> 
				<Pair key="content_id"><String>UP2046-NPUB30422_00-HOARDDEMOLOCKED2</String></Pair> 
				<Pair key="prod_pict_path"><String>/dev_hdd0/game/HENBSTORE/USRDIR/IMAGES/PSNSTUFF/Hoard.jpg</String></Pair> 
			</Table> 
		</Attributes> 
		<Items> 
			<Item class="type:x-xmb/xmlnpsignup" key="C00_US_link_104" attr="C00_US_link_104"/> 
		</Items> 
	</View> 

	<View id="C00_US_item_105_link"> 
		<Attributes> 
			<Table key="C00_US_link_105"> 
				<Pair key="info"><String>net_package_install</String></Pair> 
				<Pair key="pkg_src"><String>http://zeus.dl.playstation.net/cdn/UP4040/NPUB31240_00/xAsvkxyRMJMhCZFIeWCXHndjHxxmEzWPOQokaJOvpaCDVcMtzzRgJqyoyOxjfgFU.pkg</String></Pair> 
				<Pair key="pkg_src_qa"><String>http://zeus.dl.playstation.net/cdn/UP4040/NPUB31240_00/xAsvkxyRMJMhCZFIeWCXHndjHxxmEzWPOQokaJOvpaCDVcMtzzRgJqyoyOxjfgFU.pkg</String></Pair> 
				<Pair key="content_name"><String>tool_pkg_install_pc</String></Pair> 
				<Pair key="content_id"><String>UP4040-NPUB31240_00-MONSTERISL000001</String></Pair> 
				<Pair key="prod_pict_path"><String>/dev_hdd0/game/HENBSTORE/USRDIR/IMAGES/PSNSTUFF/How_to_survive.jpg</String></Pair> 
			</Table> 
		</Attributes> 
		<Items> 
			<Item class="type:x-xmb/xmlnpsignup" key="C00_US_link_105" attr="C00_US_link_105"/> 
		</Items> 
	</View> 

	<View id="C00_US_item_106_link"> 
		<Attributes> 
			<Table key="C00_US_link_106"> 
				<Pair key="info"><String>net_package_install</String></Pair> 
				<Pair key="pkg_src"><String>http://zeus.dl.playstation.net/cdn/UP4008/NPUB31191_00/LlbUjUKhYWuukGWXYcOUUQmdPYcFxIhoOkkuhJcypTjGedBGxojZkoMhoLZNfoMM.pkg</String></Pair> 
				<Pair key="pkg_src_qa"><String>http://zeus.dl.playstation.net/cdn/UP4008/NPUB31191_00/LlbUjUKhYWuukGWXYcOUUQmdPYcFxIhoOkkuhJcypTjGedBGxojZkoMhoLZNfoMM.pkg</String></Pair> 
				<Pair key="content_name"><String>tool_pkg_install_pc</String></Pair> 
				<Pair key="content_id"><String>UP4008-NPUB31191_00-HT2AMERICA000000</String></Pair> 
				<Pair key="prod_pict_path"><String>/dev_hdd0/game/HENBSTORE/USRDIR/IMAGES/PSNSTUFF/Hunters_Trophy_2_-_America.jpg</String></Pair> 
			</Table> 
		</Attributes> 
		<Items> 
			<Item class="type:x-xmb/xmlnpsignup" key="C00_US_link_106" attr="C00_US_link_106"/> 
		</Items> 
	</View> 

	<View id="C00_US_item_108_link"> 
		<Attributes> 
			<Table key="C00_US_link_108"> 
				<Pair key="info"><String>net_package_install</String></Pair> 
				<Pair key="pkg_src"><String>http://ares.dl.playstation.net/cdn/UP2171/NPUB31617_00/UP2171-NPUB31617_00-FULLDATADEMO0001_bg_1_019e693308c38fbf065e0da89307ff720e3667b8.pkg</String></Pair> 
				<Pair key="pkg_src_qa"><String>http://ares.dl.playstation.net/cdn/UP2171/NPUB31617_00/UP2171-NPUB31617_00-FULLDATADEMO0001_bg_1_019e693308c38fbf065e0da89307ff720e3667b8.pkg</String></Pair> 
				<Pair key="content_name"><String>tool_pkg_install_pc</String></Pair> 
				<Pair key="content_id"><String>UP2171-NPUB31617_00-FULLDATADEMO0001</String></Pair> 
				<Pair key="prod_pict_path"><String>/dev_hdd0/game/HENBSTORE/USRDIR/IMAGES/PSNSTUFF/Hyper_Void.jpg</String></Pair> 
			</Table> 
		</Attributes> 
		<Items> 
			<Item class="type:x-xmb/xmlnpsignup" key="C00_US_link_108" attr="C00_US_link_108"/> 
		</Items> 
	</View> 

	<View id="C00_US_item_109_link"> 
		<Attributes> 
			<Table key="C00_US_link_109"> 
				<Pair key="info"><String>net_package_install</String></Pair> 
				<Pair key="pkg_src"><String>http://ares.dl.playstation.net/cdn/UP0001/NPUB30383_00/HGoqGKULratGDQChoNvPZmIoPwzStFjzJKVeSzYsUObqycipFFhsktYtFJXjJyMdYUvalvcmZiJpJXqkFwWVlMYoQMwyXzvhBJprw.pkg</String></Pair> 
				<Pair key="pkg_src_qa"><String>http://ares.dl.playstation.net/cdn/UP0001/NPUB30383_00/HGoqGKULratGDQChoNvPZmIoPwzStFjzJKVeSzYsUObqycipFFhsktYtFJXjJyMdYUvalvcmZiJpJXqkFwWVlMYoQMwyXzvhBJprw.pkg</String></Pair> 
				<Pair key="content_name"><String>tool_pkg_install_pc</String></Pair> 
				<Pair key="content_id"><String>UP0001-NPUB30383_00-IAMALIVEHDDTRIAL</String></Pair> 
				<Pair key="prod_pict_path"><String>/dev_hdd0/game/HENBSTORE/USRDIR/IMAGES/PSNSTUFF/I_am_Alive.jpg</String></Pair> 
			</Table> 
		</Attributes> 
		<Items> 
			<Item class="type:x-xmb/xmlnpsignup" key="C00_US_link_109" attr="C00_US_link_109"/> 
		</Items> 
	</View> 

	<View id="C00_US_item_110_link"> 
		<Attributes> 
			<Table key="C00_US_link_110"> 
				<Pair key="info"><String>net_package_install</String></Pair> 
				<Pair key="pkg_src"><String>http://zeus.dl.playstation.net/cdn/UP4371/NPUB30958_00/eseNmNIiqaQmuuPgywKDIsLbVFjTKZiTYKNEredKeRBkzoYXTlZBGoyqPzKdOobA.pkg</String></Pair> 
				<Pair key="pkg_src_qa"><String>http://zeus.dl.playstation.net/cdn/UP4371/NPUB30958_00/eseNmNIiqaQmuuPgywKDIsLbVFjTKZiTYKNEredKeRBkzoYXTlZBGoyqPzKdOobA.pkg</String></Pair> 
				<Pair key="content_name"><String>tool_pkg_install_pc</String></Pair> 
				<Pair key="content_id"><String>UP4371-NPUB30958_00-IBBANDOBBPACKAGE</String></Pair> 
				<Pair key="prod_pict_path"><String>/dev_hdd0/game/HENBSTORE/USRDIR/IMAGES/PSNSTUFF/Ibb_and_Obb.jpg</String></Pair> 
			</Table> 
		</Attributes> 
		<Items> 
			<Item class="type:x-xmb/xmlnpsignup" key="C00_US_link_110" attr="C00_US_link_110"/> 
		</Items> 
	</View> 

	<View id="C00_US_item_111_link"> 
		<Attributes> 
			<Table key="C00_US_link_111"> 
				<Pair key="info"><String>net_package_install</String></Pair> 
				<Pair key="pkg_src"><String>http://zeus.dl.playstation.net/cdn/UP9000/NPUA80983_00/TIVxZAsniSMdUriWkaSMepLEktNUMRJkXKxJqGVjtBOQoSjMmmvRJzqFuhSgvuDd.pkg</String></Pair> 
				<Pair key="pkg_src_qa"><String>http://zeus.dl.playstation.net/cdn/UP9000/NPUA80983_00/TIVxZAsniSMdUriWkaSMepLEktNUMRJkXKxJqGVjtBOQoSjMmmvRJzqFuhSgvuDd.pkg</String></Pair> 
				<Pair key="content_name"><String>tool_pkg_install_pc</String></Pair> 
				<Pair key="content_id"><String>UP9000-NPUA80983_00-UINVIZIMAL000001</String></Pair> 
				<Pair key="prod_pict_path"><String>/dev_hdd0/game/HENBSTORE/USRDIR/IMAGES/PSNSTUFF/Invizimals_-_The_Lost_Kingdom.jpg</String></Pair> 
			</Table> 
		</Attributes> 
		<Items> 
			<Item class="type:x-xmb/xmlnpsignup" key="C00_US_link_111" attr="C00_US_link_111"/> 
		</Items> 
	</View> 

	<View id="C00_US_item_112_link"> 
		<Attributes> 
			<Table key="C00_US_link_112"> 
				<Pair key="info"><String>net_package_install</String></Pair> 
				<Pair key="pkg_src"><String>http://zeus.dl.playstation.net/cdn/UP0177/NPUB30829_00/WNlahWAhQwZGXEbDJsXUERvGQbkedsDlloSapMisfyNNzDYUcgSiPxsKMHbmyPxs.pkg</String></Pair> 
				<Pair key="pkg_src_qa"><String>http://zeus.dl.playstation.net/cdn/UP0177/NPUB30829_00/WNlahWAhQwZGXEbDJsXUERvGQbkedsDlloSapMisfyNNzDYUcgSiPxsKMHbmyPxs.pkg</String></Pair> 
				<Pair key="content_name"><String>tool_pkg_install_pc</String></Pair> 
				<Pair key="content_id"><String>UP0177-NPUB30829_00-JETSETRADIODEMO0</String></Pair> 
				<Pair key="prod_pict_path"><String>/dev_hdd0/game/HENBSTORE/USRDIR/IMAGES/PSNSTUFF/Jet_Set_Radio.jpg</String></Pair> 
			</Table> 
		</Attributes> 
		<Items> 
			<Item class="type:x-xmb/xmlnpsignup" key="C00_US_link_112" attr="C00_US_link_112"/> 
		</Items> 
	</View> 

	<View id="C00_US_item_113_link"> 
		<Attributes> 
			<Table key="C00_US_link_113"> 
				<Pair key="info"><String>net_package_install</String></Pair> 
				<Pair key="pkg_src"><String>http://zeus.dl.playstation.net/cdn/UP2034/NPUB30315_00/fNrrnvfNn0hY9BMHf6ad7slks1lGUKIGPMTL3lO0cyoBXTJI6kmlCOp3fypmlkNw2tAJrkOPNO6OX7Qb9qdXOMCjP1oEOU0DPuGjh.pkg</String></Pair> 
				<Pair key="pkg_src_qa"><String>http://zeus.dl.playstation.net/cdn/UP2034/NPUB30315_00/fNrrnvfNn0hY9BMHf6ad7slks1lGUKIGPMTL3lO0cyoBXTJI6kmlCOp3fypmlkNw2tAJrkOPNO6OX7Qb9qdXOMCjP1oEOU0DPuGjh.pkg</String></Pair> 
				<Pair key="content_name"><String>tool_pkg_install_pc</String></Pair> 
				<Pair key="content_id"><String>UP2034-NPUB30315_00-JOEDANGERHG00001</String></Pair> 
				<Pair key="prod_pict_path"><String>/dev_hdd0/game/HENBSTORE/USRDIR/IMAGES/PSNSTUFF/Joe_Danger.jpg</String></Pair> 
			</Table> 
		</Attributes> 
		<Items> 
			<Item class="type:x-xmb/xmlnpsignup" key="C00_US_link_113" attr="C00_US_link_113"/> 
		</Items> 
	</View> 

	<View id="C00_US_item_114_link"> 
		<Attributes> 
			<Table key="C00_US_link_114"> 
				<Pair key="info"><String>net_package_install</String></Pair> 
				<Pair key="pkg_src"><String>http://zeus.dl.playstation.net/cdn/UP2034/NPUB31064_00/WsnuJHTqPygTWwzEeXPUsxzlodTSKyFQpWakxSerqRGJNZTWwrTDancNrJgVFYdb.pkg</String></Pair> 
				<Pair key="pkg_src_qa"><String>http://zeus.dl.playstation.net/cdn/UP2034/NPUB31064_00/WsnuJHTqPygTWwzEeXPUsxzlodTSKyFQpWakxSerqRGJNZTWwrTDancNrJgVFYdb.pkg</String></Pair> 
				<Pair key="content_name"><String>tool_pkg_install_pc</String></Pair> 
				<Pair key="content_id"><String>UP2034-NPUB31064_00-JOEDANGER2HG0001</String></Pair> 
				<Pair key="prod_pict_path"><String>/dev_hdd0/game/HENBSTORE/USRDIR/IMAGES/PSNSTUFF/Joe_Danger_2_The_Movie.jpg</String></Pair> 
			</Table> 
		</Attributes> 
		<Items> 
			<Item class="type:x-xmb/xmlnpsignup" key="C00_US_link_114" attr="C00_US_link_114"/> 
		</Items> 
	</View> 

	<View id="C00_US_item_115_link"> 
		<Attributes> 
			<Table key="C00_US_link_115"> 
				<Pair key="info"><String>net_package_install</String></Pair> 
				<Pair key="pkg_src"><String>http://zeus.dl.playstation.net/cdn/UP0102/NPUB30768_00/QbMEXgSxHeeFRCPbpPSyaRCMQxzcOfoSmItvBtEjiDtITKptyurOgSdfuuoQESxOqqvyakTnpDEkJBBGfCwUYgxkjzJTIZwmyFGcn.pkg</String></Pair> 
				<Pair key="pkg_src_qa"><String>http://zeus.dl.playstation.net/cdn/UP0102/NPUB30768_00/QbMEXgSxHeeFRCPbpPSyaRCMQxzcOfoSmItvBtEjiDtITKptyurOgSdfuuoQESxOqqvyakTnpDEkJBBGfCwUYgxkjzJTIZwmyFGcn.pkg</String></Pair> 
				<Pair key="content_name"><String>tool_pkg_install_pc</String></Pair> 
				<Pair key="content_id"><String>UP0102-NPUB30768_00-JOJOBAHD00000000</String></Pair> 
				<Pair key="prod_pict_path"><String>/dev_hdd0/game/HENBSTORE/USRDIR/IMAGES/PSNSTUFF/JoJo's_Bizarre_Adventure_HD_Version.jpg</String></Pair> 
			</Table> 
		</Attributes> 
		<Items> 
			<Item class="type:x-xmb/xmlnpsignup" key="C00_US_link_115" attr="C00_US_link_115"/> 
		</Items> 
	</View> 

	<View id="C00_US_item_116_link"> 
		<Attributes> 
			<Table key="C00_US_link_116"> 
				<Pair key="info"><String>net_package_install</String></Pair> 
				<Pair key="pkg_src"><String>http://zeus.dl.playstation.net/cdn/UP2072/NPUB31078_00/DaNKKjFjBShvJlhCfRfjXOUivZYXFyJIJICdkGbsiVTkyJwgGTZGQJGnVaxfqyCJ.pkg</String></Pair> 
				<Pair key="pkg_src_qa"><String>http://zeus.dl.playstation.net/cdn/UP2072/NPUB31078_00/DaNKKjFjBShvJlhCfRfjXOUivZYXFyJIJICdkGbsiVTkyJwgGTZGQJGnVaxfqyCJ.pkg</String></Pair> 
				<Pair key="content_name"><String>tool_pkg_install_pc</String></Pair> 
				<Pair key="content_id"><String>UP2072-NPUB31078_00-KARATEKAGAME0000</String></Pair> 
				<Pair key="prod_pict_path"><String>/dev_hdd0/game/HENBSTORE/USRDIR/IMAGES/PSNSTUFF/Karateka.jpg</String></Pair> 
			</Table> 
		</Attributes> 
		<Items> 
			<Item class="type:x-xmb/xmlnpsignup" key="C00_US_link_116" attr="C00_US_link_116"/> 
		</Items> 
	</View> 

	<View id="C00_US_item_117_link"> 
		<Attributes> 
			<Table key="C00_US_link_117"> 
				<Pair key="info"><String>net_package_install</String></Pair> 
				<Pair key="pkg_src"><String>http://zeus.dl.playstation.net/cdn/UP4042/NPUB30183_00/mouEgMuNIQZIJrhAKhlLnPxqqsQAuujqAKunkSAGGoQYIdJXABmKJUWEgdqRJhLK.pkg</String></Pair> 
				<Pair key="pkg_src_qa"><String>http://zeus.dl.playstation.net/cdn/UP4042/NPUB30183_00/mouEgMuNIQZIJrhAKhlLnPxqqsQAuujqAKunkSAGGoQYIdJXABmKJUWEgdqRJhLK.pkg</String></Pair> 
				<Pair key="content_name"><String>tool_pkg_install_pc</String></Pair> 
				<Pair key="content_id"><String>UP4042-NPUB30183_00-KICKBEAT00000001</String></Pair> 
				<Pair key="prod_pict_path"><String>/dev_hdd0/game/HENBSTORE/USRDIR/IMAGES/PSNSTUFF/Kick_Beat.jpg</String></Pair> 
			</Table> 
		</Attributes> 
		<Items> 
			<Item class="type:x-xmb/xmlnpsignup" key="C00_US_link_117" attr="C00_US_link_117"/> 
		</Items> 
	</View> 

	<View id="C00_US_item_118_link"> 
		<Attributes> 
			<Table key="C00_US_link_118"> 
				<Pair key="info"><String>net_package_install</String></Pair> 
				<Pair key="pkg_src"><String>http://ares.dl.playstation.net/cdn/UP9000/NPUA70167_00/bGcKVBsyiAotSuhxdUmXjitiglHrHkHmpNUdohMINHTOvqXlMEfEMNBTRDsfpMRAzlsGnQTpgWocBnqutIKXVuwhbbivqjNgodYjs.pkg</String></Pair> 
				<Pair key="pkg_src_qa"><String>http://ares.dl.playstation.net/cdn/UP9000/NPUA70167_00/bGcKVBsyiAotSuhxdUmXjitiglHrHkHmpNUdohMINHTOvqXlMEfEMNBTRDsfpMRAzlsGnQTpgWocBnqutIKXVuwhbbivqjNgodYjs.pkg</String></Pair> 
				<Pair key="content_name"><String>tool_pkg_install_pc</String></Pair> 
				<Pair key="content_id"><String>UP9000-NPUA70167_00-KZ3MPONLY0000000</String></Pair> 
				<Pair key="prod_pict_path"><String>/dev_hdd0/game/HENBSTORE/USRDIR/IMAGES/PSNSTUFF/Killzone_3_Multiplayer.jpg</String></Pair> 
			</Table> 
		</Attributes> 
		<Items> 
			<Item class="type:x-xmb/xmlnpsignup" key="C00_US_link_118" attr="C00_US_link_118"/> 
		</Items> 
	</View> 

	<View id="C00_US_item_119_link"> 
		<Attributes> 
			<Table key="C00_US_link_119"> 
				<Pair key="info"><String>net_package_install</String></Pair> 
				<Pair key="pkg_src"><String>http://ares.dl.playstation.net/cdn/UP4403/NPUB31651_00/UP4403-NPUB31651_00-ODDBALL000000001_bg_1_8ad3baad27c4db222e006a917e24c10296269990.pkg</String></Pair> 
				<Pair key="pkg_src_qa"><String>http://ares.dl.playstation.net/cdn/UP4403/NPUB31651_00/UP4403-NPUB31651_00-ODDBALL000000001_bg_1_8ad3baad27c4db222e006a917e24c10296269990.pkg</String></Pair> 
				<Pair key="content_name"><String>tool_pkg_install_pc</String></Pair> 
				<Pair key="content_id"><String>UP4403-NPUB31651_00-ODDBALL000000001</String></Pair> 
				<Pair key="prod_pict_path"><String>/dev_hdd0/game/HENBSTORE/USRDIR/IMAGES/PSNSTUFF/King_Oddball.jpg</String></Pair> 
			</Table> 
		</Attributes> 
		<Items> 
			<Item class="type:x-xmb/xmlnpsignup" key="C00_US_link_119" attr="C00_US_link_119"/> 
		</Items> 
	</View> 

	<View id="C00_US_item_120_link"> 
		<Attributes> 
			<Table key="C00_US_link_120"> 
				<Pair key="info"><String>net_package_install</String></Pair> 
				<Pair key="pkg_src"><String>http://zeus.dl.playstation.net/cdn/UP2089/NPUB31669_00/UP2089-NPUB31669_00-KUNGFUPANDASLL00_bg_1_e2079435272be366ae0cac923f0a70d35b5b2873.pkg</String></Pair> 
				<Pair key="pkg_src_qa"><String>http://zeus.dl.playstation.net/cdn/UP2089/NPUB31669_00/UP2089-NPUB31669_00-KUNGFUPANDASLL00_bg_1_e2079435272be366ae0cac923f0a70d35b5b2873.pkg</String></Pair> 
				<Pair key="content_name"><String>tool_pkg_install_pc</String></Pair> 
				<Pair key="content_id"><String>UP2089-NPUB31669_00-KUNGFUPANDASLL00</String></Pair> 
				<Pair key="prod_pict_path"><String>/dev_hdd0/game/HENBSTORE/USRDIR/IMAGES/PSNSTUFF/Kung_Fu_Panda_Showdown_of_Legendary_Legends.jpg</String></Pair> 
			</Table> 
		</Attributes> 
		<Items> 
			<Item class="type:x-xmb/xmlnpsignup" key="C00_US_link_120" attr="C00_US_link_120"/> 
		</Items> 
	</View> 

	<View id="C00_US_item_121_link"> 
		<Attributes> 
			<Table key="C00_US_link_121"> 
				<Pair key="info"><String>net_package_install</String></Pair> 
				<Pair key="pkg_src"><String>http://ares.dl.playstation.net/cdn/UP0082/NPUB31636_00/UP0082-NPUB31636_00-LFSTRNGTRIAL0001_bg_1_2806b87a676f8eab92e3a94909ddc59d7f4cf31c.pkg</String></Pair> 
				<Pair key="pkg_src_qa"><String>http://ares.dl.playstation.net/cdn/UP0082/NPUB31636_00/UP0082-NPUB31636_00-LFSTRNGTRIAL0001_bg_1_2806b87a676f8eab92e3a94909ddc59d7f4cf31c.pkg</String></Pair> 
				<Pair key="content_name"><String>tool_pkg_install_pc</String></Pair> 
				<Pair key="content_id"><String>UP0082-NPUB31636_00-LFSTRNGTRIAL0001</String></Pair> 
				<Pair key="prod_pict_path"><String>/dev_hdd0/game/HENBSTORE/USRDIR/IMAGES/PSNSTUFF/Life_Is_Strange_-_Episode_1_Chrysalis.jpg</String></Pair> 
			</Table> 
		</Attributes> 
		<Items> 
			<Item class="type:x-xmb/xmlnpsignup" key="C00_US_link_121" attr="C00_US_link_121"/> 
		</Items> 
	</View> 

	<View id="C00_US_item_122_link"> 
		<Attributes> 
			<Table key="C00_US_link_122"> 
				<Pair key="info"><String>net_package_install</String></Pair> 
				<Pair key="pkg_src"><String>http://ares.dl.playstation.net/cdn/UP2054/NPUB30373_00/GiUrIooWcueOdoRXJVdKUGHvGSGStHinlGUqDYZdoAukvrWOwfhukwTehThOlLnKHMyAOLPtdOkvIOIheQdfFQcgglVJnmSsTBeWy.pkg</String></Pair> 
				<Pair key="pkg_src_qa"><String>http://ares.dl.playstation.net/cdn/UP2054/NPUB30373_00/GiUrIooWcueOdoRXJVdKUGHvGSGStHinlGUqDYZdoAukvrWOwfhukwTehThOlLnKHMyAOLPtdOkvIOIheQdfFQcgglVJnmSsTBeWy.pkg</String></Pair> 
				<Pair key="content_name"><String>tool_pkg_install_pc</String></Pair> 
				<Pair key="content_id"><String>UP2054-NPUB30373_00-LIMBOGAMEPACK001</String></Pair> 
				<Pair key="prod_pict_path"><String>/dev_hdd0/game/HENBSTORE/USRDIR/IMAGES/PSNSTUFF/Limbo.jpg</String></Pair> 
			</Table> 
		</Attributes> 
		<Items> 
			<Item class="type:x-xmb/xmlnpsignup" key="C00_US_link_122" attr="C00_US_link_122"/> 
		</Items> 
	</View> 

	<View id="C00_US_item_123_link"> 
		<Attributes> 
			<Table key="C00_US_link_123"> 
				<Pair key="info"><String>net_package_install</String></Pair> 
				<Pair key="pkg_src"><String>http://zeus.dl.playstation.net/cdn/UP2043/NPUB30940_00/KeeANoyxaBrJpPQXmTOLinEpMuEwdfAZoAZaWJANGkNnvTeZjUFNgnvudkljqpcm.pkg</String></Pair> 
				<Pair key="pkg_src_qa"><String>http://zeus.dl.playstation.net/cdn/UP2043/NPUB30940_00/KeeANoyxaBrJpPQXmTOLinEpMuEwdfAZoAZaWJANGkNnvTeZjUFNgnvudkljqpcm.pkg</String></Pair> 
				<Pair key="content_name"><String>tool_pkg_install_pc</String></Pair> 
				<Pair key="content_id"><String>UP2043-NPUB30940_00-MADDOG2000000001</String></Pair> 
				<Pair key="prod_pict_path"><String>/dev_hdd0/game/HENBSTORE/USRDIR/IMAGES/PSNSTUFF/Mad_Dog_2_-_The_Lost_Gold.jpg</String></Pair> 
			</Table> 
		</Attributes> 
		<Items> 
			<Item class="type:x-xmb/xmlnpsignup" key="C00_US_link_123" attr="C00_US_link_123"/> 
		</Items> 
	</View> 

	<View id="C00_US_item_124_link"> 
		<Attributes> 
			<Table key="C00_US_link_124"> 
				<Pair key="info"><String>net_package_install</String></Pair> 
				<Pair key="pkg_src"><String>http://zeus.dl.playstation.net/cdn/UP2043/NPUB30671_00/ECNUmulBnQceCbQWtLsVOwmgLWKUaJQVuXTxLOjayaPAsdJnDdqMwchacVtlcRmV.pkg</String></Pair> 
				<Pair key="pkg_src_qa"><String>http://zeus.dl.playstation.net/cdn/UP2043/NPUB30671_00/ECNUmulBnQceCbQWtLsVOwmgLWKUaJQVuXTxLOjayaPAsdJnDdqMwchacVtlcRmV.pkg</String></Pair> 
				<Pair key="content_name"><String>tool_pkg_install_pc</String></Pair> 
				<Pair key="content_id"><String>UP2043-NPUB30671_00-MADDOGMCCREE0001</String></Pair> 
				<Pair key="prod_pict_path"><String>/dev_hdd0/game/HENBSTORE/USRDIR/IMAGES/PSNSTUFF/Mad_Dog_McCree.jpg</String></Pair> 
			</Table> 
		</Attributes> 
		<Items> 
			<Item class="type:x-xmb/xmlnpsignup" key="C00_US_link_124" attr="C00_US_link_124"/> 
		</Items> 
	</View> 

	<View id="C00_US_item_125_link"> 
		<Attributes> 
			<Table key="C00_US_link_125"> 
				<Pair key="info"><String>net_package_install</String></Pair> 
				<Pair key="pkg_src"><String>http://zeus.dl.playstation.net/cdn/UP0001/NPUB30712_00/oMMLoHYPwrExARHXsAchRiWkRAzCOoXgTgbtXFsVbpBgLUpfqHPznHSflhPuOsQgrXBsrfVrfHsfXDZboLyGPwhdFgnkITmiijjqN.pkg</String></Pair> 
				<Pair key="pkg_src_qa"><String>http://zeus.dl.playstation.net/cdn/UP0001/NPUB30712_00/oMMLoHYPwrExARHXsAchRiWkRAzCOoXgTgbtXFsVbpBgLUpfqHPznHSflhPuOsQgrXBsrfVrfHsfXDZboLyGPwhdFgnkITmiijjqN.pkg</String></Pair> 
				<Pair key="content_name"><String>tool_pkg_install_pc</String></Pair> 
				<Pair key="content_id"><String>UP0001-NPUB30712_00-MADRIDERSTRIALVE</String></Pair> 
				<Pair key="prod_pict_path"><String>/dev_hdd0/game/HENBSTORE/USRDIR/IMAGES/PSNSTUFF/Mad_Riders.jpg</String></Pair> 
			</Table> 
		</Attributes> 
		<Items> 
			<Item class="type:x-xmb/xmlnpsignup" key="C00_US_link_125" attr="C00_US_link_125"/> 
		</Items> 
	</View> 

	<View id="C00_US_item_126_link"> 
		<Attributes> 
			<Table key="C00_US_link_126"> 
				<Pair key="info"><String>net_package_install</String></Pair> 
				<Pair key="pkg_src"><String>http://ares.dl.playstation.net/cdn/UP9000/NPUA70126_00/ffMzBBXDedxaPJJXeHVGyqzoAzeEuJMYHACcAZrhSEBHJTjJiWYwbIMmIMZEmHexcULizPuvVaMMoQZbCNhINAECmlcBMeWxacuvH.pkg</String></Pair> 
				<Pair key="pkg_src_qa"><String>http://ares.dl.playstation.net/cdn/UP9000/NPUA70126_00/ffMzBBXDedxaPJJXeHVGyqzoAzeEuJMYHACcAZrhSEBHJTjJiWYwbIMmIMZEmHexcULizPuvVaMMoQZbCNhINAECmlcBMeWxacuvH.pkg</String></Pair> 
				<Pair key="content_name"><String>tool_pkg_install_pc</String></Pair> 
				<Pair key="content_id"><String>UP9000-NPUA70126_00-DOWNLOADMAG00001</String></Pair> 
				<Pair key="prod_pict_path"><String>/dev_hdd0/game/HENBSTORE/USRDIR/IMAGES/PSNSTUFF/MAG.jpg</String></Pair> 
			</Table> 
		</Attributes> 
		<Items> 
			<Item class="type:x-xmb/xmlnpsignup" key="C00_US_link_126" attr="C00_US_link_126"/> 
		</Items> 
	</View> 

	<View id="C00_US_item_127_link"> 
		<Attributes> 
			<Table key="C00_US_link_127"> 
				<Pair key="info"><String>net_package_install</String></Pair> 
				<Pair key="pkg_src"><String>http://zeus.dl.playstation.net/cdn/UP2037/NPUB30330_00/2G3sVXvE9bPX2DNMIehwsa3MJVXGNiXtcDBBh5hDu48Km3W6x45emGjyOvg0L5eEV0MlCK36LFaFjjrUul5gghHTOErTL2YILHsJ8.pkg</String></Pair> 
				<Pair key="pkg_src_qa"><String>http://zeus.dl.playstation.net/cdn/UP2037/NPUB30330_00/2G3sVXvE9bPX2DNMIehwsa3MJVXGNiXtcDBBh5hDu48Km3W6x45emGjyOvg0L5eEV0MlCK36LFaFjjrUul5gghHTOErTL2YILHsJ8.pkg</String></Pair> 
				<Pair key="content_name"><String>tool_pkg_install_pc</String></Pair> 
				<Pair key="content_id"><String>UP2037-NPUB30330_00-XYLOPHONE000000A</String></Pair> 
				<Pair key="prod_pict_path"><String>/dev_hdd0/game/HENBSTORE/USRDIR/IMAGES/PSNSTUFF/Magic_the_Gathering_-_Duels_of_the_Planeswalkers.jpg</String></Pair> 
			</Table> 
		</Attributes> 
		<Items> 
			<Item class="type:x-xmb/xmlnpsignup" key="C00_US_link_127" attr="C00_US_link_127"/> 
		</Items> 
	</View> 

	<View id="C00_US_item_129_link"> 
		<Attributes> 
			<Table key="C00_US_link_129"> 
				<Pair key="info"><String>net_package_install</String></Pair> 
				<Pair key="pkg_src"><String>http://zeus.dl.playstation.net/cdn/UP4133/NPUB31129_00/tBuyxuvwPoUsavhBodbNtFFtSpqbVJILMnknuissTvWuEZMbzjJnURYmljSfvdub.pkg</String></Pair> 
				<Pair key="pkg_src_qa"><String>http://zeus.dl.playstation.net/cdn/UP4133/NPUB31129_00/tBuyxuvwPoUsavhBodbNtFFtSpqbVJILMnknuissTvWuEZMbzjJnURYmljSfvdub.pkg</String></Pair> 
				<Pair key="content_name"><String>tool_pkg_install_pc</String></Pair> 
				<Pair key="content_id"><String>UP4133-NPUB31129_00-MAGRUNNERHDDTRIP</String></Pair> 
				<Pair key="prod_pict_path"><String>/dev_hdd0/game/HENBSTORE/USRDIR/IMAGES/PSNSTUFF/Magrunner_Dark_Pulse.jpg</String></Pair> 
			</Table> 
		</Attributes> 
		<Items> 
			<Item class="type:x-xmb/xmlnpsignup" key="C00_US_link_129" attr="C00_US_link_129"/> 
		</Items> 
	</View> 

	<View id="C00_US_item_130_link"> 
		<Attributes> 
			<Table key="C00_US_link_130"> 
				<Pair key="info"><String>net_package_install</String></Pair> 
				<Pair key="pkg_src"><String>http://zeus.dl.playstation.net/cdn/UP4133/NPUB31150_00/mFBIcgyulZjVlpNifByJbQtXOkyXzRdTbmJfwRCMRnLQNVRhYGSPkTCVstVgtkWb.pkg</String></Pair> 
				<Pair key="pkg_src_qa"><String>http://zeus.dl.playstation.net/cdn/UP4133/NPUB31150_00/mFBIcgyulZjVlpNifByJbQtXOkyXzRdTbmJfwRCMRnLQNVRhYGSPkTCVstVgtkWb.pkg</String></Pair> 
				<Pair key="content_name"><String>tool_pkg_install_pc</String></Pair> 
				<Pair key="content_id"><String>UP4133-NPUB31150_00-MARSWARLOGS0GAME</String></Pair> 
				<Pair key="prod_pict_path"><String>/dev_hdd0/game/HENBSTORE/USRDIR/IMAGES/PSNSTUFF/Mars_War_Logs.jpg</String></Pair> 
			</Table> 
		</Attributes> 
		<Items> 
			<Item class="type:x-xmb/xmlnpsignup" key="C00_US_link_130" attr="C00_US_link_130"/> 
		</Items> 
	</View> 

	<View id="C00_US_item_131_link"> 
		<Attributes> 
			<Table key="C00_US_link_131"> 
				<Pair key="info"><String>net_package_install</String></Pair> 
				<Pair key="pkg_src"><String>http://zeus.dl.playstation.net/cdn/UP0102/NPUB30068_00/djJRVWbroKa4GOr5f7D5dDYEOFG5QiMnDcVw69i0fAp5r07PpjMrjonymaLLUjGCmdmE9wPyWwXroeMRgT9METvxL2OIXxPSgdlf9.pkg</String></Pair> 
				<Pair key="pkg_src_qa"><String>http://zeus.dl.playstation.net/cdn/UP0102/NPUB30068_00/djJRVWbroKa4GOr5f7D5dDYEOFG5QiMnDcVw69i0fAp5r07PpjMrjonymaLLUjGCmdmE9wPyWwXroeMRgT9METvxL2OIXxPSgdlf9.pkg</String></Pair> 
				<Pair key="content_name"><String>tool_pkg_install_pc</String></Pair> 
				<Pair key="content_id"><String>UP0102-NPUB30068_00-MARVELVCAPCOM2FG</String></Pair> 
				<Pair key="prod_pict_path"><String>/dev_hdd0/game/HENBSTORE/USRDIR/IMAGES/PSNSTUFF/Marvel_VS_Capcom_2.jpg</String></Pair> 
			</Table> 
		</Attributes> 
		<Items> 
			<Item class="type:x-xmb/xmlnpsignup" key="C00_US_link_131" attr="C00_US_link_131"/> 
		</Items> 
	</View> 

	<View id="C00_US_item_132_link"> 
		<Attributes> 
			<Table key="C00_US_link_132"> 
				<Pair key="info"><String>net_package_install</String></Pair> 
				<Pair key="pkg_src"><String>http://zeus.dl.playstation.net/cdn/UP0102/NPUB30667_00/OlfAvguPfVpYXASojLmjuYevKcQhkAxqwDnWWLBgoOzHWDfVHofCNEPYQFqWPxOM.pkg</String></Pair> 
				<Pair key="pkg_src_qa"><String>http://zeus.dl.playstation.net/cdn/UP0102/NPUB30667_00/OlfAvguPfVpYXASojLmjuYevKcQhkAxqwDnWWLBgoOzHWDfVHofCNEPYQFqWPxOM.pkg</String></Pair> 
				<Pair key="content_name"><String>tool_pkg_install_pc</String></Pair> 
				<Pair key="content_id"><String>UP0102-NPUB30667_00-MVC2011040100001</String></Pair> 
				<Pair key="prod_pict_path"><String>/dev_hdd0/game/HENBSTORE/USRDIR/IMAGES/PSNSTUFF/Marvel_VS_Capcom_Origins.jpg</String></Pair> 
			</Table> 
		</Attributes> 
		<Items> 
			<Item class="type:x-xmb/xmlnpsignup" key="C00_US_link_132" attr="C00_US_link_132"/> 
		</Items> 
	</View> 

	<View id="C00_US_item_133_link"> 
		<Attributes> 
			<Table key="C00_US_link_133"> 
				<Pair key="info"><String>net_package_install</String></Pair> 
				<Pair key="pkg_src"><String>http://zeus.dl.playstation.net/cdn/UP0367/NPUB30102_00/MBN2nkv9nbm9t61UaBwyJo8O5GF4YL5FIG49NKogE6CGbxhy0SxolqCv8fcvhIswL1Uq4585VLF2A5EsYhutaLvyv8RDFODb6UtdL.pkg</String></Pair> 
				<Pair key="pkg_src_qa"><String>http://zeus.dl.playstation.net/cdn/UP0367/NPUB30102_00/MBN2nkv9nbm9t61UaBwyJo8O5GF4YL5FIG49NKogE6CGbxhy0SxolqCv8fcvhIswL1Uq4585VLF2A5EsYhutaLvyv8RDFODb6UtdL.pkg</String></Pair> 
				<Pair key="content_name"><String>tool_pkg_install_pc</String></Pair> 
				<Pair key="content_id"><String>UP0367-NPUB30102_00-MATTHAZARDDEMO00</String></Pair> 
				<Pair key="prod_pict_path"><String>/dev_hdd0/game/HENBSTORE/USRDIR/IMAGES/PSNSTUFF/Matt_Hazard_-_Blood_Bath_and_Beyond.jpg</String></Pair> 
			</Table> 
		</Attributes> 
		<Items> 
			<Item class="type:x-xmb/xmlnpsignup" key="C00_US_link_133" attr="C00_US_link_133"/> 
		</Items> 
	</View> 

	<View id="C00_US_item_134_link"> 
		<Attributes> 
			<Table key="C00_US_link_134"> 
				<Pair key="info"><String>net_package_install</String></Pair> 
				<Pair key="pkg_src"><String>http://zeus.dl.playstation.net/cdn/UP4331/NPUB30562_00/ZICHIWAauxzbwMCSGsoTjqeExsNpgYXDvDceFrsjUSGXXLGMzlqnHdqpRcaBokMrugmARAEMnIMSaWAdRHoRWAafqlUPwjeisAxyI.pkg</String></Pair> 
				<Pair key="pkg_src_qa"><String>http://zeus.dl.playstation.net/cdn/UP4331/NPUB30562_00/ZICHIWAauxzbwMCSGsoTjqeExsNpgYXDvDceFrsjUSGXXLGMzlqnHdqpRcaBokMrugmARAEMnIMSaWAdRHoRWAafqlUPwjeisAxyI.pkg</String></Pair> 
				<Pair key="content_name"><String>tool_pkg_install_pc</String></Pair> 
				<Pair key="content_id"><String>UP4331-NPUB30562_00-HDDBOOTSAMPLE001</String></Pair> 
				<Pair key="prod_pict_path"><String>/dev_hdd0/game/HENBSTORE/USRDIR/IMAGES/PSNSTUFF/Max_and_The_Magic_Marker_-_Gold_Edition.jpg</String></Pair> 
			</Table> 
		</Attributes> 
		<Items> 
			<Item class="type:x-xmb/xmlnpsignup" key="C00_US_link_134" attr="C00_US_link_134"/> 
		</Items> 
	</View> 

	<View id="C00_US_item_135_link"> 
		<Attributes> 
			<Table key="C00_US_link_135"> 
				<Pair key="info"><String>net_package_install</String></Pair> 
				<Pair key="pkg_src"><String>http://zeus.dl.playstation.net/cdn/UP0082/NPUB30861_00/HMUsNYCcBHsVnqGPezXXgGclWweByXRaphZlGZbYUdELpPSzmDUoqQknuyahIdWV.pkg</String></Pair> 
				<Pair key="pkg_src_qa"><String>http://zeus.dl.playstation.net/cdn/UP0082/NPUB30861_00/HMUsNYCcBHsVnqGPezXXgGclWweByXRaphZlGZbYUdELpPSzmDUoqQknuyahIdWV.pkg</String></Pair> 
				<Pair key="content_name"><String>tool_pkg_install_pc</String></Pair> 
				<Pair key="content_id"><String>UP0082-NPUB30861_00-HDDBOOTMAEPGGMUS</String></Pair> 
				<Pair key="prod_pict_path"><String>/dev_hdd0/game/HENBSTORE/USRDIR/IMAGES/PSNSTUFF/Mensa_Academy.jpg</String></Pair> 
			</Table> 
		</Attributes> 
		<Items> 
			<Item class="type:x-xmb/xmlnpsignup" key="C00_US_link_135" attr="C00_US_link_135"/> 
		</Items> 
	</View> 

	<View id="C00_US_item_136_link"> 
		<Attributes> 
			<Table key="C00_US_link_136"> 
				<Pair key="info"><String>net_package_install</String></Pair> 
				<Pair key="pkg_src"><String>http://zeus.dl.playstation.net/cdn/UP4002/NPUB30419_00/yYBsgtpUnzghzYDmgcEgwtrBLYyVSHlGrYbtAdOFEXzLZJDLNAZQyVzWkRuLWikUQTIwEjXkQGfafvEDTDYmcsJekbNBRKRndmjQF.pkg</String></Pair> 
				<Pair key="pkg_src_qa"><String>http://zeus.dl.playstation.net/cdn/UP4002/NPUB30419_00/yYBsgtpUnzghzYDmgcEgwtrBLYyVSHlGrYbtAdOFEXzLZJDLNAZQyVzWkRuLWikUQTIwEjXkQGfafvEDTDYmcsJekbNBRKRndmjQF.pkg</String></Pair> 
				<Pair key="content_name"><String>tool_pkg_install_pc</String></Pair> 
				<Pair key="content_id"><String>UP4002-NPUB30419_00-MERCURYHG0000001</String></Pair> 
				<Pair key="prod_pict_path"><String>/dev_hdd0/game/HENBSTORE/USRDIR/IMAGES/PSNSTUFF/Mercury_HG.jpg</String></Pair> 
			</Table> 
		</Attributes> 
		<Items> 
			<Item class="type:x-xmb/xmlnpsignup" key="C00_US_link_136" attr="C00_US_link_136"/> 
		</Items> 
	</View> 

	<View id="C00_US_item_137_link"> 
		<Attributes> 
			<Table key="C00_US_link_137"> 
				<Pair key="info"><String>net_package_install</String></Pair> 
				<Pair key="pkg_src"><String>http://zeus.dl.playstation.net/cdn/UP0006/NPUB30333_00/lySuCSkjcZJjmOjPJJiZgesUAmGlMVZtgOyAzTmDdgZcwUwkPddQsMljotNsDFyHezxeSTRNOJkDqYtZEzXLARvHrBWvoiVUCrFJF.pkg</String></Pair> 
				<Pair key="pkg_src_qa"><String>http://zeus.dl.playstation.net/cdn/UP0006/NPUB30333_00/lySuCSkjcZJjmOjPJJiZgesUAmGlMVZtgOyAzTmDdgZcwUwkPddQsMljotNsDFyHezxeSTRNOJkDqYtZEzXLARvHrBWvoiVUCrFJF.pkg</String></Pair> 
				<Pair key="content_name"><String>tool_pkg_install_pc</String></Pair> 
				<Pair key="content_id"><String>UP0006-NPUB30333_00-NANOBOTSTRIAL000</String></Pair> 
				<Pair key="prod_pict_path"><String>/dev_hdd0/game/HENBSTORE/USRDIR/IMAGES/PSNSTUFF/MicroBot.jpg</String></Pair> 
			</Table> 
		</Attributes> 
		<Items> 
			<Item class="type:x-xmb/xmlnpsignup" key="C00_US_link_137" attr="C00_US_link_137"/> 
		</Items> 
	</View> 

	<View id="C00_US_item_138_link"> 
		<Attributes> 
			<Table key="C00_US_link_138"> 
				<Pair key="info"><String>net_package_install</String></Pair> 
				<Pair key="pkg_src"><String>http://zeus.dl.playstation.net/cdn/UP0001/NPUB30174_00/DQKAiNvYLzQgbWWbMgrUEZiehEqOcAbAToVaELudIYrZugtqlRhkBSENeRycxyugzqSLPdtUbcxhckuduKWBqtLbGNqjKnabeqiHS.pkg</String></Pair> 
				<Pair key="pkg_src_qa"><String>http://zeus.dl.playstation.net/cdn/UP0001/NPUB30174_00/DQKAiNvYLzQgbWWbMgrUEZiehEqOcAbAToVaELudIYrZugtqlRhkBSENeRycxyugzqSLPdtUbcxhckuduKWBqtLbGNqjKnabeqiHS.pkg</String></Pair> 
				<Pair key="content_name"><String>tool_pkg_install_pc</String></Pair> 
				<Pair key="content_id"><String>UP0001-NPUB30174_00-MMCLASHOFHEROES1</String></Pair> 
				<Pair key="prod_pict_path"><String>/dev_hdd0/game/HENBSTORE/USRDIR/IMAGES/PSNSTUFF/Might_and_Magic_-_Clash_of_Heroes.jpg</String></Pair> 
			</Table> 
		</Attributes> 
		<Items> 
			<Item class="type:x-xmb/xmlnpsignup" key="C00_US_link_138" attr="C00_US_link_138"/> 
		</Items> 
	</View> 

	<View id="C00_US_item_139_link"> 
		<Attributes> 
			<Table key="C00_US_link_139"> 
				<Pair key="info"><String>net_package_install</String></Pair> 
				<Pair key="pkg_src"><String>http://zeus.dl.playstation.net/cdn/UP0555/NPUB30067_00/lYpwcghm0u7wvInQrITUihOR0GwQdQ5setRIv9IYAfG3Ea13jNkqMbBktfk3Yng1BXl98p6HOGTg02tmnj9cpK0ACEBAu1Gcn1kAm.pkg</String></Pair> 
				<Pair key="pkg_src_qa"><String>http://zeus.dl.playstation.net/cdn/UP0555/NPUB30067_00/lYpwcghm0u7wvInQrITUihOR0GwQdQ5setRIv9IYAfG3Ea13jNkqMbBktfk3Yng1BXl98p6HOGTg02tmnj9cpK0ACEBAu1Gcn1kAm.pkg</String></Pair> 
				<Pair key="content_name"><String>tool_pkg_install_pc</String></Pair> 
				<Pair key="content_id"><String>UP0555-NPUB30067_00-NECTARISFULLGAME</String></Pair> 
				<Pair key="prod_pict_path"><String>/dev_hdd0/game/HENBSTORE/USRDIR/IMAGES/PSNSTUFF/Military_Madness_Nectaris.jpg</String></Pair> 
			</Table> 
		</Attributes> 
		<Items> 
			<Item class="type:x-xmb/xmlnpsignup" key="C00_US_link_139" attr="C00_US_link_139"/> 
		</Items> 
	</View> 

	<View id="C00_US_item_140_link"> 
		<Attributes> 
			<Table key="C00_US_link_140"> 
				<Pair key="info"><String>net_package_install</String></Pair> 
				<Pair key="pkg_src"><String>http://zeus.dl.playstation.net/cdn/UP2043/NPUB30481_00/USnSJEyGknTAioYuoVBJChMccbDIbGTDYIpIedFnIcbqmZyiGfLiCnYrRfBLNtpB.pkg</String></Pair> 
				<Pair key="pkg_src_qa"><String>http://zeus.dl.playstation.net/cdn/UP2043/NPUB30481_00/USnSJEyGknTAioYuoVBJChMccbDIbGTDYIpIedFnIcbqmZyiGfLiCnYrRfBLNtpB.pkg</String></Pair> 
				<Pair key="content_name"><String>tool_pkg_install_pc</String></Pair> 
				<Pair key="content_id"><String>UP2043-NPUB30481_00-MIXSUPERSTAR0001</String></Pair> 
				<Pair key="prod_pict_path"><String>/dev_hdd0/game/HENBSTORE/USRDIR/IMAGES/PSNSTUFF/Mix_Superstar.jpg</String></Pair> 
			</Table> 
		</Attributes> 
		<Items> 
			<Item class="type:x-xmb/xmlnpsignup" key="C00_US_link_140" attr="C00_US_link_140"/> 
		</Items> 
	</View> 

	<View id="C00_US_item_141_link"> 
		<Attributes> 
			<Table key="C00_US_link_141"> 
				<Pair key="info"><String>net_package_install</String></Pair> 
				<Pair key="pkg_src"><String>http://zeus.dl.playstation.net/cdn/UP2006/NPUB30268_00/WRdSoFVCRqbKTSeVjhtkKSmTCHyXwwtxwyxvvvDRLDYqCFtYUtkfLQyUQAXKUTjWbTVwnPKsIhTsWxCwiAcOjoBNfweoNWhnBwqsm.pkg</String></Pair> 
				<Pair key="pkg_src_qa"><String>http://zeus.dl.playstation.net/cdn/UP2006/NPUB30268_00/WRdSoFVCRqbKTSeVjhtkKSmTCHyXwwtxwyxvvvDRLDYqCFtYUtkfLQyUQAXKUTjWbTVwnPKsIhTsWxCwiAcOjoBNfweoNWhnBwqsm.pkg</String></Pair> 
				<Pair key="content_name"><String>tool_pkg_install_pc</String></Pair> 
				<Pair key="content_id"><String>UP2006-NPUB30268_00-MODERNCSANDTRIAL</String></Pair> 
				<Pair key="prod_pict_path"><String>/dev_hdd0/game/HENBSTORE/USRDIR/IMAGES/PSNSTUFF/Modern_Combat_Domination.jpg</String></Pair> 
			</Table> 
		</Attributes> 
		<Items> 
			<Item class="type:x-xmb/xmlnpsignup" key="C00_US_link_141" attr="C00_US_link_141"/> 
		</Items> 
	</View> 

	<View id="C00_US_item_142_link"> 
		<Attributes> 
			<Table key="C00_US_link_142"> 
				<Pair key="info"><String>net_package_install</String></Pair> 
				<Pair key="pkg_src"><String>http://zeus.dl.playstation.net/cdn/UP1010/NPUB30196_00/49kVch1Hn6jj7BUvNCe7FWVi5EqN8aQp3xkQrDSqTKacmV08TYxXxrB6UQadyXHCOaK0qiR8GF1jtScGELcGVEEtgfnJQxCCldSKF.pkg</String></Pair> 
				<Pair key="pkg_src_qa"><String>http://zeus.dl.playstation.net/cdn/UP1010/NPUB30196_00/49kVch1Hn6jj7BUvNCe7FWVi5EqN8aQp3xkQrDSqTKacmV08TYxXxrB6UQadyXHCOaK0qiR8GF1jtScGELcGVEEtgfnJQxCCldSKF.pkg</String></Pair> 
				<Pair key="content_name"><String>tool_pkg_install_pc</String></Pair> 
				<Pair key="content_id"><String>UP1010-NPUB30196_00-MONKEY2000000000</String></Pair> 
				<Pair key="prod_pict_path"><String>/dev_hdd0/game/HENBSTORE/USRDIR/IMAGES/PSNSTUFF/Monkey_Island_2_-_Special_Edition_Le_Chucks_Revenge.jpg</String></Pair> 
			</Table> 
		</Attributes> 
		<Items> 
			<Item class="type:x-xmb/xmlnpsignup" key="C00_US_link_142" attr="C00_US_link_142"/> 
		</Items> 
	</View> 

	<View id="C00_US_item_143_link"> 
		<Attributes> 
			<Table key="C00_US_link_143"> 
				<Pair key="info"><String>net_package_install</String></Pair> 
				<Pair key="pkg_src"><String>http://ares.dl.playstation.net/cdn/UP0283/NPUB31686_00/UP0283-NPUB31686_00-MONSTERJAM000001_bg_1_df6b94c9da06c544a775f4096274b4ee39443e32.pkg</String></Pair> 
				<Pair key="pkg_src_qa"><String>http://ares.dl.playstation.net/cdn/UP0283/NPUB31686_00/UP0283-NPUB31686_00-MONSTERJAM000001_bg_1_df6b94c9da06c544a775f4096274b4ee39443e32.pkg</String></Pair> 
				<Pair key="content_name"><String>tool_pkg_install_pc</String></Pair> 
				<Pair key="content_id"><String>UP0283-NPUB31686_00-MONSTERJAM000001</String></Pair> 
				<Pair key="prod_pict_path"><String>/dev_hdd0/game/HENBSTORE/USRDIR/IMAGES/PSNSTUFF/Monster_Jam_Battlegrounds.jpg</String></Pair> 
			</Table> 
		</Attributes> 
		<Items> 
			<Item class="type:x-xmb/xmlnpsignup" key="C00_US_link_143" attr="C00_US_link_143"/> 
		</Items> 
	</View> 

	<View id="C00_US_item_144_link"> 
		<Attributes> 
			<Table key="C00_US_link_144"> 
				<Pair key="info"><String>net_package_install</String></Pair> 
				<Pair key="pkg_src"><String>http://zeus.dl.playstation.net/cdn/UP4173/NPUB30919_00/SApCpTpIWUXkaFjDigmHKWbhHJMnANhUmpDNCSbjZWdFppBdfxdWWVhOcOWEZXyD.pkg</String></Pair> 
				<Pair key="pkg_src_qa"><String>http://zeus.dl.playstation.net/cdn/UP4173/NPUB30919_00/SApCpTpIWUXkaFjDigmHKWbhHJMnANhUmpDNCSbjZWdFppBdfxdWWVhOcOWEZXyD.pkg</String></Pair> 
				<Pair key="content_name"><String>tool_pkg_install_pc</String></Pair> 
				<Pair key="content_id"><String>UP4173-NPUB30919_00-MOUNTAINCRIME000</String></Pair> 
				<Pair key="prod_pict_path"><String>/dev_hdd0/game/HENBSTORE/USRDIR/IMAGES/PSNSTUFF/Mountain_Crime_Requital.jpg</String></Pair> 
			</Table> 
		</Attributes> 
		<Items> 
			<Item class="type:x-xmb/xmlnpsignup" key="C00_US_link_144" attr="C00_US_link_144"/> 
		</Items> 
	</View>

	

</XMBML>
