﻿<XMBML version="1.0">
    <View id="psnstuff_PSN_EU_items">
        <Attributes>
            <Table key="psn_ag">
                <Pair key="icon"><String>/dev_hdd0/game/HENBSTORE/USRDIR/IMAGES/PSNSTUFF/stuff.png</String></Pair>
                <Pair key="title"><String>Jogos PSN STUFF A até G</String></Pair>
                <Pair key="info"><String>Baixe os jogos da PSN STUFF de A até G</String></Pair>
                <Pair key="ingame"><String>disable</String></Pair>
            </Table>
            <Table key="psn_hm">
                <Pair key="icon"><String>/dev_hdd0/game/HENBSTORE/USRDIR/IMAGES/PSNSTUFF/stuff.png</String></Pair>
                <Pair key="title"><String>Jogos PSN STUFF H até M</String></Pair>
                <Pair key="info"><String>Baixe os jogos da PSN STUFF de H até M</String></Pair>
                <Pair key="ingame"><String>disable</String></Pair>
            </Table>
            <Table key="psn_ns">
                <Pair key="icon"><String>/dev_hdd0/game/HENBSTORE/USRDIR/IMAGES/PSNSTUFF/stuff.png</String></Pair>
                <Pair key="title"><String>Jogos PSN STUFF N até S</String></Pair>
                <Pair key="info"><String>Baixe os jogos da PSN STUFF de N até S</String></Pair>
                <Pair key="ingame"><String>disable</String></Pair>
            </Table>
            <Table key="psn_tz">
                <Pair key="icon"><String>/dev_hdd0/game/HENBSTORE/USRDIR/IMAGES/PSNSTUFF/stuff.png</String></Pair>
                <Pair key="title"><String>Jogos PSN STUFF T até Z</String></Pair>
                <Pair key="info"><String>Baixe os jogos da PSN STUFF de T até Z</String></Pair>
                <Pair key="ingame"><String>disable</String></Pair>
            </Table>
        </Attributes>
        <Items>
            <Query
                class="type:x-xmb/xmlpackagefolder"
                key="psn_ag"
                attr="psn_ag"
                src="xmb://localhost/dev_hdd0/game/HENBSTORE/USRDIR/XMLS/PSNSTUFFLIST/psn_ag.xml#psn_ag_items"
            />
            <Query
                class="type:x-xmb/xmlpackagefolder"
                key="psn_hm"
                attr="psn_hm"
                src="xmb://localhost/dev_hdd0/game/HENBSTORE/USRDIR/XMLS/PSNSTUFFLIST/psn_hm.xml#psn_hm_items"
            />
            <Query
                class="type:x-xmb/xmlpackagefolder"
                key="psn_ns"
                attr="psn_ns"
                src="xmb://localhost/dev_hdd0/game/HENBSTORE/USRDIR/XMLS/PSNSTUFFLIST/psn_ns.xml#psn_ns_items"
            />
            <Query
                class="type:x-xmb/xmlpackagefolder"
                key="psn_tz"
                attr="psn_tz"
                src="xmb://localhost/dev_hdd0/game/HENBSTORE/USRDIR/XMLS/PSNSTUFFLIST/psn_tz.xml#psn_tz_items"
            />
            
        </Items>
    </View>

    

</XMBML>