﻿<XMBML version="1.0">
    <View id="jogoshan_items">
        <Attributes>





            <Table key="psnstuff_C00_US">
                <Pair key="icon">
                    <String>/dev_hdd0/game/HENBSTORE/USRDIR/IMAGES/PSNSTUFF/stuff.png</String>
                </Pair>
                <Pair key="title">
                    <String>Jogos Demo - TCXS</String>
                </Pair>
                <Pair key="info">
                    <String></String>
                </Pair>
                <Pair key="ingame">
                    <String>disable</String>
                </Pair>
            </Table>
            <Table key="psnstuff_PSN_EU">
                <Pair key="icon">
                    <String>/dev_hdd0/game/HENBSTORE/USRDIR/IMAGES/PSNSTUFF/stuff.png</String>
                </Pair>
                <Pair key="title">
                    <String>Jogos Psn Stuff - TCXS</String>
                </Pair>
                <Pair key="info">
                    <String></String>
                </Pair>
                <Pair key="ingame">
                    <String>disable</String>
                </Pair>
            </Table>
            <Table key="dlc_exclusiva">
                <Pair key="icon">
                    <String>/dev_hdd0/game/HENBSTORE/USRDIR/IMAGES/PSNSTUFF/stuff.png</String>
                </Pair>
                <Pair key="title">
                    <String>DLC's TCXS</String>
                </Pair>
                <Pair key="info">
                    <String>DLC's Exclusivas - TCXS</String>
                </Pair>
                <Pair key="ingame">
                    <String>disable</String>
                </Pair>
            </Table>
            <Table key="psnstuff_us">
                <Pair key="icon">
                    <String>/dev_hdd0/game/HENBSTORE/USRDIR/IMAGES/PSNSTUFF/stuff.png</String>
                </Pair>
                <Pair key="title">
                    <String>Jogos HAN TCXS</String>
                </Pair>
                <Pair key="info">
                    <String>Jogos compativeis com as DLC's - TCXS</String>
                </Pair>
                <Pair key="ingame">
                    <String>disable</String>
                </Pair>
            </Table>

			


        </Attributes>
        <Items>

            <Query class="type:x-xmb/folder-pixmap" key="psnstuff_PSN_EU" attr="psnstuff_PSN_EU" src="xmb://localhost/dev_hdd0/game/HENBSTORE/USRDIR/XMLS/PSNSTUFF_EU.xml#psnstuff_PSN_EU_items" />

            <Query class="type:x-xmb/folder-pixmap" key="psnstuff_C00_US" attr="psnstuff_C00_US" src="xmb://localhost/dev_hdd0/game/HENBSTORE/USRDIR/XMLS/DEMOS_US.xml#C00_US_items" />

            <Query class="type:x-xmb/folder-pixmap" key="psnstuff_us" attr="psnstuff_us" src="xmb://localhost/dev_hdd0/game/HENBSTORE/USRDIR/XMLS/jogos_exclusivos.xml#psnstuff_us_items" />

            <Query class="type:x-xmb/folder-pixmap" key="dlc_exclusiva" attr="dlc_exclusiva" src="xmb://localhost/dev_hdd0/game/HENBSTORE/USRDIR/XMLS/dlc_exclusiva.xml#dlc_exclusiva_items" />



        </Items>
    </View>


    


    
   







	
</XMBML>
