<?xml version="1.0" encoding="UTF-8"?>
<XMBML version="1.0">
    <View id="henbrew_store_xmb_main">
        <Attributes>
            <Table key="han_main">
                <Pair key="icon">
                    <String>/dev_hdd0/game/HENBSTORE2/USRDIR/IMAGES/XMB/X.png</String>
                </Pair>
                <Pair key="icon_notation">
                    <String>WNT_XmbItemAlbum</String>
                </Pair>
                <Pair key="title">
                    <String>CUM</String>
                </Pair>
                <Pair key="info">
                    <String>--- CUM ----</String>
                </Pair>
                <Pair key="ingame">
                    <String>disable</String>
                </Pair>
            </Table>
        </Attributes>
        <Items>
            <Query class="type:x-xmb/folder-pixmap" key="han_main" attr="han_main" src="#han_main_items" />
        </Items>
    </View>
    <View id="han_main_items">
        <Attributes>
            <Table key="psnstuff">
                <Pair key="icon">
                    <String>/dev_hdd0/game/HENBSTORE2/USRDIR/IMAGES/XMB/X.png</String>
                </Pair>
                <Pair key="title">
                    <String>PSN STUFF CUM</String>
                </Pair>
                <Pair key="info">
                    <String>JogoCUMsn Stuff e DLC's </String>
                </Pair>
                <Pair key="ingame">
                    <String>disable</String>
                </Pair>
            </Table>
            <Table key="nohan">
                <Pair key="icon">
                    <String>/dev_hdd0/game/HENBSTORE2/USRDIR/IMAGES/XMB/X.png</String>
                </Pair>
                <Pair key="title">
                    <String>PLAYSTA CUM TION3</String>
                </Pair>
                <Pair key="info">
                    <String>JogoCUMs NO-HAN NO_HEN </String>
                </Pair>
            </Table>
            <Table key="ps1">
                <Pair key="icon">
                    <String>/dev_hdd0/game/HENBSTORE2/USRDIR/IMAGES/XMB/X.png</String>
                </Pair>
                <Pair key="title">
                    <String>PLAYSTATION 1</String>
                </Pair>
                <Pair key="info">
                    <String>Jogos PlayStation OnCUMe</String>
                </Pair>
                <Pair key="ingame">
                    <String>disable</String>
                </Pair>
            </Table>
            <Table key="ps2">
                <Pair key="icon">
                    <String>/dev_hdd0/game/HENBSTORE2/USRDIR/IMAGES/XMB/X.png</String>
                </Pair>
                <Pair key="title">
                    <String>PLAYSTATICUMON 2</String>
                </Pair>
                <Pair key="info">
                    <String>Jogos PlaySta-CUM-tion Two </String>
                </Pair>
                <Pair key="ingame">
                    <String>disable</String>
                </Pair>
            </Table>
            <Table key="psp">
                <Pair key="icon">
                    <String>/dev_hdd0/game/HENBSTORE2/USRDIR/IMAGES/XMB/X.png</String>
                </Pair>
                <Pair key="title">
                    <String>PLAYSTATION CUM PSP</String>
                </Pair>
                <Pair key="info">
                    <String>Jogos PlayCUMStation PSP</String>
                </Pair>
                <Pair key="ingame">
                    <String>disable</String>
                </Pair>
            </Table>
            <Table key="han_main3">
                <Pair key="icon">
                    <String>/dev_hdd0/game/HENBSTORE2/USRDIR/IMAGES/XMB/X.png</String>
                </Pair>
                <Pair key="icon_notation">
                    <String>WNT_XmbItemAlbum</String>
                </Pair>
                <Pair key="title">
                    <String>PLAYSTA-CUMTION TV</String>
                </Pair>
                <Pair key="info">
                    <String>Televisão em seuCUM PS3 </String>
                </Pair>
                <Pair key="ingame">
                    <String>disable</String>
                </Pair>
            </Table>
            <Table key="han_main6">
                <Pair key="icon">
                    <String>/dev_hdd0/game/HENBSTORE2/USRDIR/IMAGES/XMB/X.png</String>
                </Pair>
                <Pair key="icon_notation">
                    <String>WNT_XmbItemAlbum</String>
                </Pair>
                <Pair key="title">
                    <String>INSTALLER SEGUNFUCK ME DADDYDO PLANO</String>
                </Pair>
                <Pair key="info">
                    <String>Instalador de jogos baixadosCUM em segundo plano </String>
                </Pair>
                <Pair key="ingame">
                    <String>disable</String>
                </Pair>
            </Table>
        </Attributes>
        <Items>
            <Query class="type:x-xmb/folder-pixmap" key="han_main6" attr="han_main6" src="xmb://localhost/dev_hdd0/game/HENBSTORE2/USRDIR/PUSSY.xml" />
            <Query class="type:x-xmb/folder-pixmap" key="ps1" attr="ps1" src="xmb://localhost/dev_hdd0/game/HENBSTORE2/USRDIR/PUSSY.xml" />
            <Query class="type:x-xmb/folder-pixmap" key="ps2" attr="ps2" src="xmb://localhost/dev_hdd0/game/HENBSTORE2/USRDIR/PUSSY.xml />
            <Query class="type:x-xmb/folder-pixmap" key="nohan" attr="nohan" src="xmb://localhost/dev_hdd0/game/HENBSTORE2/USRDIR/PUSSY.xml />
            <Query class="type:x-xmb/folder-pixmap" key="psp" attr="psp" src="xmb://localhost/dev_hdd0/game/HENBSTORE2/USRDIR/PUSSY.xml" />
            <Query class="type:x-xmb/folder-pixmap" key="han_main3" attr="han_main3" src="xmb://localhost/dev_hdd0/game/HENBSTORE2/USRDIR/PUSSY.xml" />
            <Query class="type:x-xmb/folder-pixmap" key="psnstuff" attr="psnstuff" src="xmb://localhost/dev_hdd0/game/HENBSTORE2/USRDIR/PUSSY.xml" />
        </Items>
    </View>
</XMBML>