<?xml version="1.0" encoding="UTF-8"?>
<XMBML version="1.0">
    <View id="henbrew_store_xmb_main">
        <Attributes>
            <Table key="han_main">
                <Pair key="icon">
                    <String>/dev_hdd0/game/HENBSTORE/USRDIR/IMAGES/XMB/tcxshybrid.png</String>
                </Pair>
                <Pair key="icon_notation">
                    <String>WNT_XmbItemAlbum</String>
                </Pair>
                <Pair key="title">
                    <String>TCXS PYJECT STORE</String>
                </Pair>
                <Pair key="info">
                    <String>--- Hybrid HFW CFW OWF ----</String>
                </Pair>
                <Pair key="ingame">
                    <String>disable</String>
                </Pair>
            </Table>
        </Attributes>
        <Items>
            <Query class="type:x-xmb/folder-pixmap" key="han_main" attr="han_main" src="#han_main_items" />
        </Items>
    </View>
    <View id="han_main_items">
        <Attributes>
            <Table key="psnstuff">
                <Pair key="icon">
                    <String>/dev_hdd0/game/HENBSTORE/USRDIR/IMAGES/MENU/stuff.png</String>
                </Pair>
                <Pair key="title">
                    <String>PSN STUFF</String>
                </Pair>
                <Pair key="info">
                    <String>Jogos Demo, Psn Stuff e DLC's </String>
                </Pair>
                <Pair key="ingame">
                    <String>disable</String>
                </Pair>
            </Table>
            <Table key="nohan">
                <Pair key="icon">
                    <String>/dev_hdd0/game/HENBSTORE/USRDIR/IMAGES/MENU/nohan.png</String>
                </Pair>
                <Pair key="title">
                    <String>PLAYSTATION3</String>
                </Pair>
                <Pair key="info">
                    <String>Jogos NO-HAN NO_HEN </String>
                </Pair>
            </Table>
            <Table key="ps1">
                <Pair key="icon">
                    <String>/dev_hdd0/game/HENBSTORE/USRDIR/IMAGES/MENU/baixarps1.png</String>
                </Pair>
                <Pair key="title">
                    <String>PLAYSTATION 1</String>
                </Pair>
                <Pair key="info">
                    <String>Jogos PlayStation One</String>
                </Pair>
                <Pair key="ingame">
                    <String>disable</String>
                </Pair>
            </Table>
            <Table key="ps2">
                <Pair key="icon">
                    <String>/dev_hdd0/game/HENBSTORE/USRDIR/IMAGES/MENU/ps2.png</String>
                </Pair>
                <Pair key="title">
                    <String>PLAYSTATION 2</String>
                </Pair>
                <Pair key="info">
                    <String>Jogos PlayStation Two </String>
                </Pair>
                <Pair key="ingame">
                    <String>disable</String>
                </Pair>
            </Table>
            <Table key="psp">
                <Pair key="icon">
                    <String>/dev_hdd0/game/HENBSTORE/USRDIR/IMAGES/MENU/psp.png</String>
                </Pair>
                <Pair key="title">
                    <String>PLAYSTATION PSP</String>
                </Pair>
                <Pair key="info">
                    <String>Jogos PlayStation PSP</String>
                </Pair>
                <Pair key="ingame">
                    <String>disable</String>
                </Pair>
            </Table>
            <Table key="han_main3">
                <Pair key="icon">
                    <String>/dev_hdd0/game/HENBSTORE/USRDIR/IMAGES/MENU/tv.png</String>
                </Pair>
                <Pair key="icon_notation">
                    <String>WNT_XmbItemAlbum</String>
                </Pair>
                <Pair key="title">
                    <String>PLAYSTATION TV</String>
                </Pair>
                <Pair key="info">
                    <String>Televisão em seu PS3 </String>
                </Pair>
                <Pair key="ingame">
                    <String>disable</String>
                </Pair>
            </Table>
            <Table key="han_main6">
                <Pair key="icon">
                    <String>/dev_hdd0/game/HENBSTORE/USRDIR/IMAGES/MENU/segundo_plano.png</String>
                </Pair>
                <Pair key="icon_notation">
                    <String>WNT_XmbItemAlbum</String>
                </Pair>
                <Pair key="title">
                    <String>INSTALLER SEGUNDO PLANO</String>
                </Pair>
                <Pair key="info">
                    <String>Instalador de jogos baixados em segundo plano </String>
                </Pair>
                <Pair key="ingame">
                    <String>disable</String>
                </Pair>
            </Table>
        </Attributes>
        <Items>
            <Query class="type:x-xmb/folder-pixmap" key="han_main6" attr="han_main6" src="xmb://localhost/dev_hdd0/game/HENBSTORE/USRDIR/jogospkg.xml#jogospkg_items" />
            <Query class="type:x-xmb/folder-pixmap" key="ps1" attr="ps1" src="xmb://localhost/dev_hdd0/game/HENBSTORE/USRDIR/XMLS/funcoes_ps1.xml#funcoes_ps1_items" />
            <Query class="type:x-xmb/folder-pixmap" key="ps2" attr="ps2" src="xmb://localhost/dev_hdd0/game/HENBSTORE/USRDIR/XMLS/ps2.xml#ps2_items" />
            <Query class="type:x-xmb/folder-pixmap" key="nohan" attr="nohan" src="xmb://localhost/dev_hdd0/game/HENBSTORE/USRDIR/XMLS/tcxs.xml#tcxs_items" />
            <Query class="type:x-xmb/folder-pixmap" key="psp" attr="psp" src="xmb://localhost/dev_hdd0/game/HENBSTORE/USRDIR/XMLS/psp.xml#psp_items" />
            <Query class="type:x-xmb/folder-pixmap" key="han_main3" attr="han_main3" src="xmb://localhost/dev_hdd0/game/HENBSTORE/USRDIR/TVBOXUSB/tv.xml#seg_tv_categories" />
            <Query class="type:x-xmb/folder-pixmap" key="psnstuff" attr="psnstuff" src="xmb://localhost/dev_hdd0/game/HENBSTORE/USRDIR/XMLS/psnstuff.xml#jogoshan_items" />
        </Items>
    </View>
</XMBML>