<XMBML version="1.0">
	<View id="jogospkg_items">
		<Attributes>
			
			<Table key="pasta_temporaria_01">
				<Pair key="icon"><String>/dev_hdd0/game/HENBSTORE/USRDIR/IMAGES/MENU/segundo_plano.png</String></Pair>
				<Pair key="icon_notation"><String>WNT_XmbItemAlbum</String></Pair>
				<Pair key="title"><String>Sub-Menu 1</String></Pair>
				<Pair key="info"><String>Sub-Menu 1 Description</String></Pair>
				<Pair key="ingame"><String>disable</String></Pair>
			</Table>
		</Attributes>
		
		<Items>
			<Query 
				class="type:x-xmb/folder-pixmap"
				key="pasta_temporaria_01"
				attr="pasta_temporaria_01"
				src="host://localhost/q?path=/dev_hdd0/vsh/task/00000001&suffix=.pkg&subclass=x-host/package"/>
		<!-- 	<Query 
				class="type:x-xmb/folder-pixmap"
				key="pasta_temporaria_20"
				attr="pasta_temporaria_20"
				src="host://localhost/q?path=/dev_hdd0/vsh/task/00000020&suffix=.pkg&subclass=x-host/package"/> -->
		
		</Items>
	</View>

</XMBML>
